WAITING_FOR_AGENT: 677 SceneWindow answer(s) are pending
{
  "status": "WAITING_FOR_AGENT",
  "exit_code": 3,
  "executor": "agent-files",
  "pending_count": 677,
  "tasks_dir": "scene-scout/agent-files/tasks",
  "answers_dir": "scene-scout/agent-files/answers",
  "pending": [
    {
      "window_id": "SWIN-0005C6DD28EDBC6AD939",
      "task": "scene-scout/agent-files/tasks/SWIN-0005C6DD28EDBC6AD939--076002a7be6a.json",
      "answer": "scene-scout/agent-files/answers/SWIN-0005C6DD28EDBC6AD939--076002a7be6a.json"
    },
    {
      "window_id": "SWIN-00897519303BAFD7F0E5",
      "task": "scene-scout/agent-files/tasks/SWIN-00897519303BAFD7F0E5--29e44d87530f.json",
      "answer": "scene-scout/agent-files/answers/SWIN-00897519303BAFD7F0E5--29e44d87530f.json"
    },
    {
      "window_id": "SWIN-00F525C3B42934224204",
      "task": "scene-scout/agent-files/tasks/SWIN-00F525C3B42934224204--7a9d65d8e29f.json",
      "answer": "scene-scout/agent-files/answers/SWIN-00F525C3B42934224204--7a9d65d8e29f.json"
    },
    {
      "window_id": "SWIN-017AA147335B39DE0F41",
      "task": "scene-scout/agent-files/tasks/SWIN-017AA147335B39DE0F41--cf5b43c82c7c.json",
      "answer": "scene-scout/agent-files/answers/SWIN-017AA147335B39DE0F41--cf5b43c82c7c.json"
    },
    {
      "window_id": "SWIN-01E5B3D01BBCB3590F8B",
      "task": "scene-scout/agent-files/tasks/SWIN-01E5B3D01BBCB3590F8B--58e35fb8a6b2.json",
      "answer": "scene-scout/agent-files/answers/SWIN-01E5B3D01BBCB3590F8B--58e35fb8a6b2.json"
    },
    {
      "window_id": "SWIN-01FC823966E49DA2753D",
      "task": "scene-scout/agent-files/tasks/SWIN-01FC823966E49DA2753D--0c7abad32f16.json",
      "answer": "scene-scout/agent-files/answers/SWIN-01FC823966E49DA2753D--0c7abad32f16.json"
    },
    {
      "window_id": "SWIN-0246B188AB665035A480",
      "task": "scene-scout/agent-files/tasks/SWIN-0246B188AB665035A480--25d51a3d8b7f.json",
      "answer": "scene-scout/agent-files/answers/SWIN-0246B188AB665035A480--25d51a3d8b7f.json"
    },
    {
      "window_id": "SWIN-02B64849A466070D7C46",
      "task": "scene-scout/agent-files/tasks/SWIN-02B64849A466070D7C46--274c3ba13410.json",
      "answer": "scene-scout/agent-files/answers/SWIN-02B64849A466070D7C46--274c3ba13410.json"
    },
    {
      "window_id": "SWIN-02EA28CBA3A72B62411F",
      "task": "scene-scout/agent-files/tasks/SWIN-02EA28CBA3A72B62411F--de3707f3631d.json",
      "answer": "scene-scout/agent-files/answers/SWIN-02EA28CBA3A72B62411F--de3707f3631d.json"
    },
    {
      "window_id": "SWIN-02EC4915F9C35A762431",
      "task": "scene-scout/agent-files/tasks/SWIN-02EC4915F9C35A762431--d96e4db9564e.json",
      "answer": "scene-scout/agent-files/answers/SWIN-02EC4915F9C35A762431--d96e4db9564e.json"
    },
    {
      "window_id": "SWIN-032F73D82996ECF2D029",
      "task": "scene-scout/agent-files/tasks/SWIN-032F73D82996ECF2D029--b07b173a8c60.json",
      "answer": "scene-scout/agent-files/answers/SWIN-032F73D82996ECF2D029--b07b173a8c60.json"
    },
    {
      "window_id": "SWIN-0388EB7D92A3242B7BC2",
      "task": "scene-scout/agent-files/tasks/SWIN-0388EB7D92A3242B7BC2--5cafbe4ab653.json",
      "answer": "scene-scout/agent-files/answers/SWIN-0388EB7D92A3242B7BC2--5cafbe4ab653.json"
    },
    {
      "window_id": "SWIN-04BC43099827709F66A8",
      "task": "scene-scout/agent-files/tasks/SWIN-04BC43099827709F66A8--4a2292bdc16c.json",
      "answer": "scene-scout/agent-files/answers/SWIN-04BC43099827709F66A8--4a2292bdc16c.json"
    },
    {
      "window_id": "SWIN-05214DAB41DA6767C957",
      "task": "scene-scout/agent-files/tasks/SWIN-05214DAB41DA6767C957--013ee0eb7e25.json",
      "answer": "scene-scout/agent-files/answers/SWIN-05214DAB41DA6767C957--013ee0eb7e25.json"
    },
    {
      "window_id": "SWIN-059EC677C8CCF7C95CC8",
      "task": "scene-scout/agent-files/tasks/SWIN-059EC677C8CCF7C95CC8--13ad294290a9.json",
      "answer": "scene-scout/agent-files/answers/SWIN-059EC677C8CCF7C95CC8--13ad294290a9.json"
    },
    {
      "window_id": "SWIN-05AC9AF4467549DE2C23",
      "task": "scene-scout/agent-files/tasks/SWIN-05AC9AF4467549DE2C23--d64383d3618c.json",
      "answer": "scene-scout/agent-files/answers/SWIN-05AC9AF4467549DE2C23--d64383d3618c.json"
    },
    {
      "window_id": "SWIN-06004678C8C872587257",
      "task": "scene-scout/agent-files/tasks/SWIN-06004678C8C872587257--7512a1b66824.json",
      "answer": "scene-scout/agent-files/answers/SWIN-06004678C8C872587257--7512a1b66824.json"
    },
    {
      "window_id": "SWIN-06448F5C2AE8D1EF1DCE",
      "task": "scene-scout/agent-files/tasks/SWIN-06448F5C2AE8D1EF1DCE--b992bbf749b9.json",
      "answer": "scene-scout/agent-files/answers/SWIN-06448F5C2AE8D1EF1DCE--b992bbf749b9.json"
    },
    {
      "window_id": "SWIN-06D3FDE8D2F260FD8431",
      "task": "scene-scout/agent-files/tasks/SWIN-06D3FDE8D2F260FD8431--bfdb663b7fce.json",
      "answer": "scene-scout/agent-files/answers/SWIN-06D3FDE8D2F260FD8431--bfdb663b7fce.json"
    },
    {
      "window_id": "SWIN-0715637F95BBA555BD8E",
      "task": "scene-scout/agent-files/tasks/SWIN-0715637F95BBA555BD8E--b742a5d93b5b.json",
      "answer": "scene-scout/agent-files/answers/SWIN-0715637F95BBA555BD8E--b742a5d93b5b.json"
    },
    {
      "window_id": "SWIN-08542CCD76ACC63AE54F",
      "task": "scene-scout/agent-files/tasks/SWIN-08542CCD76ACC63AE54F--feabed998b27.json",
      "answer": "scene-scout/agent-files/answers/SWIN-08542CCD76ACC63AE54F--feabed998b27.json"
    },
    {
      "window_id": "SWIN-0885FC6F701F4485B9A6",
      "task": "scene-scout/agent-files/tasks/SWIN-0885FC6F701F4485B9A6--a836e20102c6.json",
      "answer": "scene-scout/agent-files/answers/SWIN-0885FC6F701F4485B9A6--a836e20102c6.json"
    },
    {
      "window_id": "SWIN-0901DF876FF50C419F99",
      "task": "scene-scout/agent-files/tasks/SWIN-0901DF876FF50C419F99--8060a94b3f06.json",
      "answer": "scene-scout/agent-files/answers/SWIN-0901DF876FF50C419F99--8060a94b3f06.json"
    },
    {
      "window_id": "SWIN-092F536ADF30B1D6FAEB",
      "task": "scene-scout/agent-files/tasks/SWIN-092F536ADF30B1D6FAEB--f63e163ceb29.json",
      "answer": "scene-scout/agent-files/answers/SWIN-092F536ADF30B1D6FAEB--f63e163ceb29.json"
    },
    {
      "window_id": "SWIN-097C80C3523ACF7A1C3E",
      "task": "scene-scout/agent-files/tasks/SWIN-097C80C3523ACF7A1C3E--b8b30a90ef96.json",
      "answer": "scene-scout/agent-files/answers/SWIN-097C80C3523ACF7A1C3E--b8b30a90ef96.json"
    },
    {
      "window_id": "SWIN-0980244DD7CA45DE28CC",
      "task": "scene-scout/agent-files/tasks/SWIN-0980244DD7CA45DE28CC--3aa161e7e839.json",
      "answer": "scene-scout/agent-files/answers/SWIN-0980244DD7CA45DE28CC--3aa161e7e839.json"
    },
    {
      "window_id": "SWIN-099EE1350D1B416AE8DE",
      "task": "scene-scout/agent-files/tasks/SWIN-099EE1350D1B416AE8DE--c078d8d34655.json",
      "answer": "scene-scout/agent-files/answers/SWIN-099EE1350D1B416AE8DE--c078d8d34655.json"
    },
    {
      "window_id": "SWIN-0A2D05F74C2D1400CBA7",
      "task": "scene-scout/agent-files/tasks/SWIN-0A2D05F74C2D1400CBA7--7fb257e8223a.json",
      "answer": "scene-scout/agent-files/answers/SWIN-0A2D05F74C2D1400CBA7--7fb257e8223a.json"
    },
    {
      "window_id": "SWIN-0A7DEC4442F67777567E",
      "task": "scene-scout/agent-files/tasks/SWIN-0A7DEC4442F67777567E--2175de4c9857.json",
      "answer": "scene-scout/agent-files/answers/SWIN-0A7DEC4442F67777567E--2175de4c9857.json"
    },
    {
      "window_id": "SWIN-0A89CA10512C9E482E9D",
      "task": "scene-scout/agent-files/tasks/SWIN-0A89CA10512C9E482E9D--3b1acf17e76c.json",
      "answer": "scene-scout/agent-files/answers/SWIN-0A89CA10512C9E482E9D--3b1acf17e76c.json"
    },
    {
      "window_id": "SWIN-0A8AE06D3D6631B80183",
      "task": "scene-scout/agent-files/tasks/SWIN-0A8AE06D3D6631B80183--dbbf91a5112f.json",
      "answer": "scene-scout/agent-files/answers/SWIN-0A8AE06D3D6631B80183--dbbf91a5112f.json"
    },
    {
      "window_id": "SWIN-0AAD2EB73D6C9881C4D7",
      "task": "scene-scout/agent-files/tasks/SWIN-0AAD2EB73D6C9881C4D7--2a9275ce6335.json",
      "answer": "scene-scout/agent-files/answers/SWIN-0AAD2EB73D6C9881C4D7--2a9275ce6335.json"
    },
    {
      "window_id": "SWIN-0B6AC23B73F98502E530",
      "task": "scene-scout/agent-files/tasks/SWIN-0B6AC23B73F98502E530--f93f7a5f447d.json",
      "answer": "scene-scout/agent-files/answers/SWIN-0B6AC23B73F98502E530--f93f7a5f447d.json"
    },
    {
      "window_id": "SWIN-0B88729794D0FDDA8760",
      "task": "scene-scout/agent-files/tasks/SWIN-0B88729794D0FDDA8760--5dde2c4ddf49.json",
      "answer": "scene-scout/agent-files/answers/SWIN-0B88729794D0FDDA8760--5dde2c4ddf49.json"
    },
    {
      "window_id": "SWIN-0BABECA93D04A573A2D5",
      "task": "scene-scout/agent-files/tasks/SWIN-0BABECA93D04A573A2D5--2fb63ed65361.json",
      "answer": "scene-scout/agent-files/answers/SWIN-0BABECA93D04A573A2D5--2fb63ed65361.json"
    },
    {
      "window_id": "SWIN-0CCCF16613C3100E0673",
      "task": "scene-scout/agent-files/tasks/SWIN-0CCCF16613C3100E0673--8c79a053fbdf.json",
      "answer": "scene-scout/agent-files/answers/SWIN-0CCCF16613C3100E0673--8c79a053fbdf.json"
    },
    {
      "window_id": "SWIN-0D347DA29CB96CC5A2CB",
      "task": "scene-scout/agent-files/tasks/SWIN-0D347DA29CB96CC5A2CB--f8239b78e9c4.json",
      "answer": "scene-scout/agent-files/answers/SWIN-0D347DA29CB96CC5A2CB--f8239b78e9c4.json"
    },
    {
      "window_id": "SWIN-0DB28024CA8C53F7985D",
      "task": "scene-scout/agent-files/tasks/SWIN-0DB28024CA8C53F7985D--ffe534e2e03a.json",
      "answer": "scene-scout/agent-files/answers/SWIN-0DB28024CA8C53F7985D--ffe534e2e03a.json"
    },
    {
      "window_id": "SWIN-0DD20BE7E42A6239CB98",
      "task": "scene-scout/agent-files/tasks/SWIN-0DD20BE7E42A6239CB98--35430f474545.json",
      "answer": "scene-scout/agent-files/answers/SWIN-0DD20BE7E42A6239CB98--35430f474545.json"
    },
    {
      "window_id": "SWIN-0E742A02640102F2A87B",
      "task": "scene-scout/agent-files/tasks/SWIN-0E742A02640102F2A87B--c4ad08a477b0.json",
      "answer": "scene-scout/agent-files/answers/SWIN-0E742A02640102F2A87B--c4ad08a477b0.json"
    },
    {
      "window_id": "SWIN-0EAD001D6510AB5DAA23",
      "task": "scene-scout/agent-files/tasks/SWIN-0EAD001D6510AB5DAA23--35ddce85647d.json",
      "answer": "scene-scout/agent-files/answers/SWIN-0EAD001D6510AB5DAA23--35ddce85647d.json"
    },
    {
      "window_id": "SWIN-0F79333CB679BF64DB9B",
      "task": "scene-scout/agent-files/tasks/SWIN-0F79333CB679BF64DB9B--eefbeab02c31.json",
      "answer": "scene-scout/agent-files/answers/SWIN-0F79333CB679BF64DB9B--eefbeab02c31.json"
    },
    {
      "window_id": "SWIN-0F79D5ED5BB0070A348E",
      "task": "scene-scout/agent-files/tasks/SWIN-0F79D5ED5BB0070A348E--f6e29b72738d.json",
      "answer": "scene-scout/agent-files/answers/SWIN-0F79D5ED5BB0070A348E--f6e29b72738d.json"
    },
    {
      "window_id": "SWIN-0FECCA9470368BF8CAEC",
      "task": "scene-scout/agent-files/tasks/SWIN-0FECCA9470368BF8CAEC--b7b3e726419b.json",
      "answer": "scene-scout/agent-files/answers/SWIN-0FECCA9470368BF8CAEC--b7b3e726419b.json"
    },
    {
      "window_id": "SWIN-10240296F1636F3483A4",
      "task": "scene-scout/agent-files/tasks/SWIN-10240296F1636F3483A4--ccac658b5920.json",
      "answer": "scene-scout/agent-files/answers/SWIN-10240296F1636F3483A4--ccac658b5920.json"
    },
    {
      "window_id": "SWIN-10A109383B372626EEB4",
      "task": "scene-scout/agent-files/tasks/SWIN-10A109383B372626EEB4--ddf64f0e435a.json",
      "answer": "scene-scout/agent-files/answers/SWIN-10A109383B372626EEB4--ddf64f0e435a.json"
    },
    {
      "window_id": "SWIN-113DC5FDAC17415D9E98",
      "task": "scene-scout/agent-files/tasks/SWIN-113DC5FDAC17415D9E98--429af00b695e.json",
      "answer": "scene-scout/agent-files/answers/SWIN-113DC5FDAC17415D9E98--429af00b695e.json"
    },
    {
      "window_id": "SWIN-1166A58EFAF564DE1EA6",
      "task": "scene-scout/agent-files/tasks/SWIN-1166A58EFAF564DE1EA6--74aa47646f2e.json",
      "answer": "scene-scout/agent-files/answers/SWIN-1166A58EFAF564DE1EA6--74aa47646f2e.json"
    },
    {
      "window_id": "SWIN-11B9A70325833A77E57C",
      "task": "scene-scout/agent-files/tasks/SWIN-11B9A70325833A77E57C--eba11c65ed32.json",
      "answer": "scene-scout/agent-files/answers/SWIN-11B9A70325833A77E57C--eba11c65ed32.json"
    },
    {
      "window_id": "SWIN-11D62754D731EA0F8F9C",
      "task": "scene-scout/agent-files/tasks/SWIN-11D62754D731EA0F8F9C--e5cda5e1d84c.json",
      "answer": "scene-scout/agent-files/answers/SWIN-11D62754D731EA0F8F9C--e5cda5e1d84c.json"
    },
    {
      "window_id": "SWIN-11E556DCD6A25E7ED7EE",
      "task": "scene-scout/agent-files/tasks/SWIN-11E556DCD6A25E7ED7EE--1bfe42d4bf75.json",
      "answer": "scene-scout/agent-files/answers/SWIN-11E556DCD6A25E7ED7EE--1bfe42d4bf75.json"
    },
    {
      "window_id": "SWIN-12E8BD5E172C1A713C23",
      "task": "scene-scout/agent-files/tasks/SWIN-12E8BD5E172C1A713C23--16efe1a266c3.json",
      "answer": "scene-scout/agent-files/answers/SWIN-12E8BD5E172C1A713C23--16efe1a266c3.json"
    },
    {
      "window_id": "SWIN-1312540CC91BDE406DDA",
      "task": "scene-scout/agent-files/tasks/SWIN-1312540CC91BDE406DDA--e8c30d47b3eb.json",
      "answer": "scene-scout/agent-files/answers/SWIN-1312540CC91BDE406DDA--e8c30d47b3eb.json"
    },
    {
      "window_id": "SWIN-134449740B690BBA2D68",
      "task": "scene-scout/agent-files/tasks/SWIN-134449740B690BBA2D68--f7356a8cec69.json",
      "answer": "scene-scout/agent-files/answers/SWIN-134449740B690BBA2D68--f7356a8cec69.json"
    },
    {
      "window_id": "SWIN-1376DB80843D2FB42421",
      "task": "scene-scout/agent-files/tasks/SWIN-1376DB80843D2FB42421--5948abe097f0.json",
      "answer": "scene-scout/agent-files/answers/SWIN-1376DB80843D2FB42421--5948abe097f0.json"
    },
    {
      "window_id": "SWIN-1378C0371D9A979F3A98",
      "task": "scene-scout/agent-files/tasks/SWIN-1378C0371D9A979F3A98--694b7c3aeb88.json",
      "answer": "scene-scout/agent-files/answers/SWIN-1378C0371D9A979F3A98--694b7c3aeb88.json"
    },
    {
      "window_id": "SWIN-1450A35171B4E6C3203D",
      "task": "scene-scout/agent-files/tasks/SWIN-1450A35171B4E6C3203D--0c90de7ce606.json",
      "answer": "scene-scout/agent-files/answers/SWIN-1450A35171B4E6C3203D--0c90de7ce606.json"
    },
    {
      "window_id": "SWIN-14CC07E638F0D274E604",
      "task": "scene-scout/agent-files/tasks/SWIN-14CC07E638F0D274E604--24a3a9c9de1f.json",
      "answer": "scene-scout/agent-files/answers/SWIN-14CC07E638F0D274E604--24a3a9c9de1f.json"
    },
    {
      "window_id": "SWIN-151BCCA27416DE94EDA2",
      "task": "scene-scout/agent-files/tasks/SWIN-151BCCA27416DE94EDA2--d96336cc1f6b.json",
      "answer": "scene-scout/agent-files/answers/SWIN-151BCCA27416DE94EDA2--d96336cc1f6b.json"
    },
    {
      "window_id": "SWIN-15F88476FCD0CE31C6B4",
      "task": "scene-scout/agent-files/tasks/SWIN-15F88476FCD0CE31C6B4--a43fa844d485.json",
      "answer": "scene-scout/agent-files/answers/SWIN-15F88476FCD0CE31C6B4--a43fa844d485.json"
    },
    {
      "window_id": "SWIN-163D30C957007126CA35",
      "task": "scene-scout/agent-files/tasks/SWIN-163D30C957007126CA35--d50c0edc7723.json",
      "answer": "scene-scout/agent-files/answers/SWIN-163D30C957007126CA35--d50c0edc7723.json"
    },
    {
      "window_id": "SWIN-17174EF6264D071794F8",
      "task": "scene-scout/agent-files/tasks/SWIN-17174EF6264D071794F8--244dcd14a07a.json",
      "answer": "scene-scout/agent-files/answers/SWIN-17174EF6264D071794F8--244dcd14a07a.json"
    },
    {
      "window_id": "SWIN-182F64DE222443B91841",
      "task": "scene-scout/agent-files/tasks/SWIN-182F64DE222443B91841--88779ab6c97d.json",
      "answer": "scene-scout/agent-files/answers/SWIN-182F64DE222443B91841--88779ab6c97d.json"
    },
    {
      "window_id": "SWIN-18CE7A5A907B27702699",
      "task": "scene-scout/agent-files/tasks/SWIN-18CE7A5A907B27702699--3872b0845c35.json",
      "answer": "scene-scout/agent-files/answers/SWIN-18CE7A5A907B27702699--3872b0845c35.json"
    },
    {
      "window_id": "SWIN-1909821892D050F83064",
      "task": "scene-scout/agent-files/tasks/SWIN-1909821892D050F83064--4c3de493be05.json",
      "answer": "scene-scout/agent-files/answers/SWIN-1909821892D050F83064--4c3de493be05.json"
    },
    {
      "window_id": "SWIN-19D1B8E2503537A1EAA6",
      "task": "scene-scout/agent-files/tasks/SWIN-19D1B8E2503537A1EAA6--193cb37a4698.json",
      "answer": "scene-scout/agent-files/answers/SWIN-19D1B8E2503537A1EAA6--193cb37a4698.json"
    },
    {
      "window_id": "SWIN-1A1D0F0B021174C8A783",
      "task": "scene-scout/agent-files/tasks/SWIN-1A1D0F0B021174C8A783--9c1f9fe8e8b0.json",
      "answer": "scene-scout/agent-files/answers/SWIN-1A1D0F0B021174C8A783--9c1f9fe8e8b0.json"
    },
    {
      "window_id": "SWIN-1A1D3AE3D1779E4EB3ED",
      "task": "scene-scout/agent-files/tasks/SWIN-1A1D3AE3D1779E4EB3ED--440e5f5e9a73.json",
      "answer": "scene-scout/agent-files/answers/SWIN-1A1D3AE3D1779E4EB3ED--440e5f5e9a73.json"
    },
    {
      "window_id": "SWIN-1AC9EC34DB79A048D9D9",
      "task": "scene-scout/agent-files/tasks/SWIN-1AC9EC34DB79A048D9D9--20b8bea673d3.json",
      "answer": "scene-scout/agent-files/answers/SWIN-1AC9EC34DB79A048D9D9--20b8bea673d3.json"
    },
    {
      "window_id": "SWIN-1BA5DAFDBCA935265606",
      "task": "scene-scout/agent-files/tasks/SWIN-1BA5DAFDBCA935265606--06f15be2f1b2.json",
      "answer": "scene-scout/agent-files/answers/SWIN-1BA5DAFDBCA935265606--06f15be2f1b2.json"
    },
    {
      "window_id": "SWIN-1BC0897BCFE9BA6D92F7",
      "task": "scene-scout/agent-files/tasks/SWIN-1BC0897BCFE9BA6D92F7--fa9220596879.json",
      "answer": "scene-scout/agent-files/answers/SWIN-1BC0897BCFE9BA6D92F7--fa9220596879.json"
    },
    {
      "window_id": "SWIN-1CA27FDC8C13042277FB",
      "task": "scene-scout/agent-files/tasks/SWIN-1CA27FDC8C13042277FB--28799df2078c.json",
      "answer": "scene-scout/agent-files/answers/SWIN-1CA27FDC8C13042277FB--28799df2078c.json"
    },
    {
      "window_id": "SWIN-1CA4F6BAD5CA84B369F9",
      "task": "scene-scout/agent-files/tasks/SWIN-1CA4F6BAD5CA84B369F9--456ad34be227.json",
      "answer": "scene-scout/agent-files/answers/SWIN-1CA4F6BAD5CA84B369F9--456ad34be227.json"
    },
    {
      "window_id": "SWIN-1CE12379B39796A7BADF",
      "task": "scene-scout/agent-files/tasks/SWIN-1CE12379B39796A7BADF--698cd624b4d3.json",
      "answer": "scene-scout/agent-files/answers/SWIN-1CE12379B39796A7BADF--698cd624b4d3.json"
    },
    {
      "window_id": "SWIN-1DA9A2F8B166AA1295EF",
      "task": "scene-scout/agent-files/tasks/SWIN-1DA9A2F8B166AA1295EF--1c74815d6790.json",
      "answer": "scene-scout/agent-files/answers/SWIN-1DA9A2F8B166AA1295EF--1c74815d6790.json"
    },
    {
      "window_id": "SWIN-1DBB6FFFA0852DA98491",
      "task": "scene-scout/agent-files/tasks/SWIN-1DBB6FFFA0852DA98491--d0ccb27904e0.json",
      "answer": "scene-scout/agent-files/answers/SWIN-1DBB6FFFA0852DA98491--d0ccb27904e0.json"
    },
    {
      "window_id": "SWIN-1E627940CBD6F3CDA42B",
      "task": "scene-scout/agent-files/tasks/SWIN-1E627940CBD6F3CDA42B--8e52018e1a66.json",
      "answer": "scene-scout/agent-files/answers/SWIN-1E627940CBD6F3CDA42B--8e52018e1a66.json"
    },
    {
      "window_id": "SWIN-1F19B92141E76DB85469",
      "task": "scene-scout/agent-files/tasks/SWIN-1F19B92141E76DB85469--687a0badc980.json",
      "answer": "scene-scout/agent-files/answers/SWIN-1F19B92141E76DB85469--687a0badc980.json"
    },
    {
      "window_id": "SWIN-1FDA12EC6EF9DDDF09A6",
      "task": "scene-scout/agent-files/tasks/SWIN-1FDA12EC6EF9DDDF09A6--23a81d3a674e.json",
      "answer": "scene-scout/agent-files/answers/SWIN-1FDA12EC6EF9DDDF09A6--23a81d3a674e.json"
    },
    {
      "window_id": "SWIN-20090578A32C71BB3E88",
      "task": "scene-scout/agent-files/tasks/SWIN-20090578A32C71BB3E88--ef73fe422465.json",
      "answer": "scene-scout/agent-files/answers/SWIN-20090578A32C71BB3E88--ef73fe422465.json"
    },
    {
      "window_id": "SWIN-201E81A1801DF99CABD8",
      "task": "scene-scout/agent-files/tasks/SWIN-201E81A1801DF99CABD8--5a2644d439c3.json",
      "answer": "scene-scout/agent-files/answers/SWIN-201E81A1801DF99CABD8--5a2644d439c3.json"
    },
    {
      "window_id": "SWIN-20327302717C1F1576E4",
      "task": "scene-scout/agent-files/tasks/SWIN-20327302717C1F1576E4--02105118f827.json",
      "answer": "scene-scout/agent-files/answers/SWIN-20327302717C1F1576E4--02105118f827.json"
    },
    {
      "window_id": "SWIN-2091EB9D4B5B6DAA4F00",
      "task": "scene-scout/agent-files/tasks/SWIN-2091EB9D4B5B6DAA4F00--eec71a922cd5.json",
      "answer": "scene-scout/agent-files/answers/SWIN-2091EB9D4B5B6DAA4F00--eec71a922cd5.json"
    },
    {
      "window_id": "SWIN-20D4B4994232CBAE9552",
      "task": "scene-scout/agent-files/tasks/SWIN-20D4B4994232CBAE9552--f780b214821f.json",
      "answer": "scene-scout/agent-files/answers/SWIN-20D4B4994232CBAE9552--f780b214821f.json"
    },
    {
      "window_id": "SWIN-21835E33E371E1091F83",
      "task": "scene-scout/agent-files/tasks/SWIN-21835E33E371E1091F83--673b17a9e136.json",
      "answer": "scene-scout/agent-files/answers/SWIN-21835E33E371E1091F83--673b17a9e136.json"
    },
    {
      "window_id": "SWIN-21B67F833721907CE5C2",
      "task": "scene-scout/agent-files/tasks/SWIN-21B67F833721907CE5C2--ab55e9d84868.json",
      "answer": "scene-scout/agent-files/answers/SWIN-21B67F833721907CE5C2--ab55e9d84868.json"
    },
    {
      "window_id": "SWIN-21EE75C33EA75C1301E0",
      "task": "scene-scout/agent-files/tasks/SWIN-21EE75C33EA75C1301E0--33a786b62d17.json",
      "answer": "scene-scout/agent-files/answers/SWIN-21EE75C33EA75C1301E0--33a786b62d17.json"
    },
    {
      "window_id": "SWIN-220592319343D36432A3",
      "task": "scene-scout/agent-files/tasks/SWIN-220592319343D36432A3--23cdfb3347e4.json",
      "answer": "scene-scout/agent-files/answers/SWIN-220592319343D36432A3--23cdfb3347e4.json"
    },
    {
      "window_id": "SWIN-2238E64EF59E9DB218E9",
      "task": "scene-scout/agent-files/tasks/SWIN-2238E64EF59E9DB218E9--8f7c7f76a3e4.json",
      "answer": "scene-scout/agent-files/answers/SWIN-2238E64EF59E9DB218E9--8f7c7f76a3e4.json"
    },
    {
      "window_id": "SWIN-23552274277E35B9DE65",
      "task": "scene-scout/agent-files/tasks/SWIN-23552274277E35B9DE65--ef0d3d6ae313.json",
      "answer": "scene-scout/agent-files/answers/SWIN-23552274277E35B9DE65--ef0d3d6ae313.json"
    },
    {
      "window_id": "SWIN-239D564637EB44B61BBC",
      "task": "scene-scout/agent-files/tasks/SWIN-239D564637EB44B61BBC--84d56781c2a1.json",
      "answer": "scene-scout/agent-files/answers/SWIN-239D564637EB44B61BBC--84d56781c2a1.json"
    },
    {
      "window_id": "SWIN-23CD52BDC5FEEBC0D0BB",
      "task": "scene-scout/agent-files/tasks/SWIN-23CD52BDC5FEEBC0D0BB--31fbc57b05ab.json",
      "answer": "scene-scout/agent-files/answers/SWIN-23CD52BDC5FEEBC0D0BB--31fbc57b05ab.json"
    },
    {
      "window_id": "SWIN-23DC61A000BF7C980960",
      "task": "scene-scout/agent-files/tasks/SWIN-23DC61A000BF7C980960--91fc56ffa37c.json",
      "answer": "scene-scout/agent-files/answers/SWIN-23DC61A000BF7C980960--91fc56ffa37c.json"
    },
    {
      "window_id": "SWIN-23F456F880DA5F1F7FAE",
      "task": "scene-scout/agent-files/tasks/SWIN-23F456F880DA5F1F7FAE--c968d34d9bc9.json",
      "answer": "scene-scout/agent-files/answers/SWIN-23F456F880DA5F1F7FAE--c968d34d9bc9.json"
    },
    {
      "window_id": "SWIN-249E6AEBBF2856263907",
      "task": "scene-scout/agent-files/tasks/SWIN-249E6AEBBF2856263907--dd1766bacab3.json",
      "answer": "scene-scout/agent-files/answers/SWIN-249E6AEBBF2856263907--dd1766bacab3.json"
    },
    {
      "window_id": "SWIN-24BC6B922C0D34CBDBFF",
      "task": "scene-scout/agent-files/tasks/SWIN-24BC6B922C0D34CBDBFF--81104591092e.json",
      "answer": "scene-scout/agent-files/answers/SWIN-24BC6B922C0D34CBDBFF--81104591092e.json"
    },
    {
      "window_id": "SWIN-254A71480DAD94ECC0B9",
      "task": "scene-scout/agent-files/tasks/SWIN-254A71480DAD94ECC0B9--100adc610ed7.json",
      "answer": "scene-scout/agent-files/answers/SWIN-254A71480DAD94ECC0B9--100adc610ed7.json"
    },
    {
      "window_id": "SWIN-2555D5864A6E913F9B2F",
      "task": "scene-scout/agent-files/tasks/SWIN-2555D5864A6E913F9B2F--fa5990fa7c9a.json",
      "answer": "scene-scout/agent-files/answers/SWIN-2555D5864A6E913F9B2F--fa5990fa7c9a.json"
    },
    {
      "window_id": "SWIN-2577A4A1C9C1975F0909",
      "task": "scene-scout/agent-files/tasks/SWIN-2577A4A1C9C1975F0909--e72634dee86a.json",
      "answer": "scene-scout/agent-files/answers/SWIN-2577A4A1C9C1975F0909--e72634dee86a.json"
    },
    {
      "window_id": "SWIN-258C7E07EB9A38700D20",
      "task": "scene-scout/agent-files/tasks/SWIN-258C7E07EB9A38700D20--4d6150d1abe9.json",
      "answer": "scene-scout/agent-files/answers/SWIN-258C7E07EB9A38700D20--4d6150d1abe9.json"
    },
    {
      "window_id": "SWIN-263B1CCAC4800E041DD3",
      "task": "scene-scout/agent-files/tasks/SWIN-263B1CCAC4800E041DD3--340cb19fa389.json",
      "answer": "scene-scout/agent-files/answers/SWIN-263B1CCAC4800E041DD3--340cb19fa389.json"
    },
    {
      "window_id": "SWIN-2643F1D716E6A745D946",
      "task": "scene-scout/agent-files/tasks/SWIN-2643F1D716E6A745D946--d59299719ccf.json",
      "answer": "scene-scout/agent-files/answers/SWIN-2643F1D716E6A745D946--d59299719ccf.json"
    },
    {
      "window_id": "SWIN-26918083F610F8DDA5D1",
      "task": "scene-scout/agent-files/tasks/SWIN-26918083F610F8DDA5D1--5781f72f2829.json",
      "answer": "scene-scout/agent-files/answers/SWIN-26918083F610F8DDA5D1--5781f72f2829.json"
    },
    {
      "window_id": "SWIN-26F1C107FC7A8C7D134D",
      "task": "scene-scout/agent-files/tasks/SWIN-26F1C107FC7A8C7D134D--3e996b354ffa.json",
      "answer": "scene-scout/agent-files/answers/SWIN-26F1C107FC7A8C7D134D--3e996b354ffa.json"
    },
    {
      "window_id": "SWIN-273DE8E0D869CCE0741A",
      "task": "scene-scout/agent-files/tasks/SWIN-273DE8E0D869CCE0741A--ffe1be210f79.json",
      "answer": "scene-scout/agent-files/answers/SWIN-273DE8E0D869CCE0741A--ffe1be210f79.json"
    },
    {
      "window_id": "SWIN-27495A23F7E77B10F841",
      "task": "scene-scout/agent-files/tasks/SWIN-27495A23F7E77B10F841--c8cd996a2b94.json",
      "answer": "scene-scout/agent-files/answers/SWIN-27495A23F7E77B10F841--c8cd996a2b94.json"
    },
    {
      "window_id": "SWIN-2818D5A19921A546635D",
      "task": "scene-scout/agent-files/tasks/SWIN-2818D5A19921A546635D--85f6046d6e71.json",
      "answer": "scene-scout/agent-files/answers/SWIN-2818D5A19921A546635D--85f6046d6e71.json"
    },
    {
      "window_id": "SWIN-282BFF89546FC5BBC8AF",
      "task": "scene-scout/agent-files/tasks/SWIN-282BFF89546FC5BBC8AF--e3140bb14038.json",
      "answer": "scene-scout/agent-files/answers/SWIN-282BFF89546FC5BBC8AF--e3140bb14038.json"
    },
    {
      "window_id": "SWIN-286B183DE2BC0639CFF6",
      "task": "scene-scout/agent-files/tasks/SWIN-286B183DE2BC0639CFF6--b35cf64060ad.json",
      "answer": "scene-scout/agent-files/answers/SWIN-286B183DE2BC0639CFF6--b35cf64060ad.json"
    },
    {
      "window_id": "SWIN-2897F2DC033AE0534E25",
      "task": "scene-scout/agent-files/tasks/SWIN-2897F2DC033AE0534E25--e80774f49e20.json",
      "answer": "scene-scout/agent-files/answers/SWIN-2897F2DC033AE0534E25--e80774f49e20.json"
    },
    {
      "window_id": "SWIN-28A73BBE5E12BD9D22A8",
      "task": "scene-scout/agent-files/tasks/SWIN-28A73BBE5E12BD9D22A8--039699c2f6e4.json",
      "answer": "scene-scout/agent-files/answers/SWIN-28A73BBE5E12BD9D22A8--039699c2f6e4.json"
    },
    {
      "window_id": "SWIN-2905FBE4C79641B923E9",
      "task": "scene-scout/agent-files/tasks/SWIN-2905FBE4C79641B923E9--e70ae231cd98.json",
      "answer": "scene-scout/agent-files/answers/SWIN-2905FBE4C79641B923E9--e70ae231cd98.json"
    },
    {
      "window_id": "SWIN-29BC6E0F78DEC71D95E3",
      "task": "scene-scout/agent-files/tasks/SWIN-29BC6E0F78DEC71D95E3--eda8630ad647.json",
      "answer": "scene-scout/agent-files/answers/SWIN-29BC6E0F78DEC71D95E3--eda8630ad647.json"
    },
    {
      "window_id": "SWIN-2A02DC8324990513549C",
      "task": "scene-scout/agent-files/tasks/SWIN-2A02DC8324990513549C--7352b2b45682.json",
      "answer": "scene-scout/agent-files/answers/SWIN-2A02DC8324990513549C--7352b2b45682.json"
    },
    {
      "window_id": "SWIN-2A1001BD689540421B6C",
      "task": "scene-scout/agent-files/tasks/SWIN-2A1001BD689540421B6C--658ee699924e.json",
      "answer": "scene-scout/agent-files/answers/SWIN-2A1001BD689540421B6C--658ee699924e.json"
    },
    {
      "window_id": "SWIN-2A32943C04D281622FCE",
      "task": "scene-scout/agent-files/tasks/SWIN-2A32943C04D281622FCE--f03bd460db92.json",
      "answer": "scene-scout/agent-files/answers/SWIN-2A32943C04D281622FCE--f03bd460db92.json"
    },
    {
      "window_id": "SWIN-2AABA27701FFA4DD7A79",
      "task": "scene-scout/agent-files/tasks/SWIN-2AABA27701FFA4DD7A79--70ebcf12e924.json",
      "answer": "scene-scout/agent-files/answers/SWIN-2AABA27701FFA4DD7A79--70ebcf12e924.json"
    },
    {
      "window_id": "SWIN-2B120103E93C34D6976F",
      "task": "scene-scout/agent-files/tasks/SWIN-2B120103E93C34D6976F--ac17fd4b1911.json",
      "answer": "scene-scout/agent-files/answers/SWIN-2B120103E93C34D6976F--ac17fd4b1911.json"
    },
    {
      "window_id": "SWIN-2B1EBFA12E7CC04B6CAE",
      "task": "scene-scout/agent-files/tasks/SWIN-2B1EBFA12E7CC04B6CAE--5c9d6faf5bff.json",
      "answer": "scene-scout/agent-files/answers/SWIN-2B1EBFA12E7CC04B6CAE--5c9d6faf5bff.json"
    },
    {
      "window_id": "SWIN-2B7D2B3866F575D16E8F",
      "task": "scene-scout/agent-files/tasks/SWIN-2B7D2B3866F575D16E8F--4030cf7839c1.json",
      "answer": "scene-scout/agent-files/answers/SWIN-2B7D2B3866F575D16E8F--4030cf7839c1.json"
    },
    {
      "window_id": "SWIN-2B8C0599F4473DF0CF9F",
      "task": "scene-scout/agent-files/tasks/SWIN-2B8C0599F4473DF0CF9F--2873200f3f59.json",
      "answer": "scene-scout/agent-files/answers/SWIN-2B8C0599F4473DF0CF9F--2873200f3f59.json"
    },
    {
      "window_id": "SWIN-2B9A0F996531A3905C58",
      "task": "scene-scout/agent-files/tasks/SWIN-2B9A0F996531A3905C58--09940615fc31.json",
      "answer": "scene-scout/agent-files/answers/SWIN-2B9A0F996531A3905C58--09940615fc31.json"
    },
    {
      "window_id": "SWIN-2BB98DCDF539C588B716",
      "task": "scene-scout/agent-files/tasks/SWIN-2BB98DCDF539C588B716--9a53bcb0fe72.json",
      "answer": "scene-scout/agent-files/answers/SWIN-2BB98DCDF539C588B716--9a53bcb0fe72.json"
    },
    {
      "window_id": "SWIN-2BBB93D96E76189CCA61",
      "task": "scene-scout/agent-files/tasks/SWIN-2BBB93D96E76189CCA61--efc9e5b1ef52.json",
      "answer": "scene-scout/agent-files/answers/SWIN-2BBB93D96E76189CCA61--efc9e5b1ef52.json"
    },
    {
      "window_id": "SWIN-2BC6817D13FB387A14D6",
      "task": "scene-scout/agent-files/tasks/SWIN-2BC6817D13FB387A14D6--f8afd0eafb69.json",
      "answer": "scene-scout/agent-files/answers/SWIN-2BC6817D13FB387A14D6--f8afd0eafb69.json"
    },
    {
      "window_id": "SWIN-2C43D0EE53C4CFBF0860",
      "task": "scene-scout/agent-files/tasks/SWIN-2C43D0EE53C4CFBF0860--ef97790f2d3d.json",
      "answer": "scene-scout/agent-files/answers/SWIN-2C43D0EE53C4CFBF0860--ef97790f2d3d.json"
    },
    {
      "window_id": "SWIN-2CAAA900A91247F1E25C",
      "task": "scene-scout/agent-files/tasks/SWIN-2CAAA900A91247F1E25C--552a75f697b0.json",
      "answer": "scene-scout/agent-files/answers/SWIN-2CAAA900A91247F1E25C--552a75f697b0.json"
    },
    {
      "window_id": "SWIN-2CC9F0ADCDBA0418E668",
      "task": "scene-scout/agent-files/tasks/SWIN-2CC9F0ADCDBA0418E668--ce21804f52c9.json",
      "answer": "scene-scout/agent-files/answers/SWIN-2CC9F0ADCDBA0418E668--ce21804f52c9.json"
    },
    {
      "window_id": "SWIN-2CE86FD79CA400EA4FB2",
      "task": "scene-scout/agent-files/tasks/SWIN-2CE86FD79CA400EA4FB2--560fc99cf628.json",
      "answer": "scene-scout/agent-files/answers/SWIN-2CE86FD79CA400EA4FB2--560fc99cf628.json"
    },
    {
      "window_id": "SWIN-2E00141184055146AB11",
      "task": "scene-scout/agent-files/tasks/SWIN-2E00141184055146AB11--f60f4d8ab1ad.json",
      "answer": "scene-scout/agent-files/answers/SWIN-2E00141184055146AB11--f60f4d8ab1ad.json"
    },
    {
      "window_id": "SWIN-2E0CE7E8462D536E210C",
      "task": "scene-scout/agent-files/tasks/SWIN-2E0CE7E8462D536E210C--1d91cd31bda4.json",
      "answer": "scene-scout/agent-files/answers/SWIN-2E0CE7E8462D536E210C--1d91cd31bda4.json"
    },
    {
      "window_id": "SWIN-2F16822D025AAA0555AF",
      "task": "scene-scout/agent-files/tasks/SWIN-2F16822D025AAA0555AF--a14768c72b91.json",
      "answer": "scene-scout/agent-files/answers/SWIN-2F16822D025AAA0555AF--a14768c72b91.json"
    },
    {
      "window_id": "SWIN-2FF144ECFC803B35EBBD",
      "task": "scene-scout/agent-files/tasks/SWIN-2FF144ECFC803B35EBBD--86c55d1a55a2.json",
      "answer": "scene-scout/agent-files/answers/SWIN-2FF144ECFC803B35EBBD--86c55d1a55a2.json"
    },
    {
      "window_id": "SWIN-301E958DDBCF2739056A",
      "task": "scene-scout/agent-files/tasks/SWIN-301E958DDBCF2739056A--0f9d17d11ff0.json",
      "answer": "scene-scout/agent-files/answers/SWIN-301E958DDBCF2739056A--0f9d17d11ff0.json"
    },
    {
      "window_id": "SWIN-3037B7685B1A50D85662",
      "task": "scene-scout/agent-files/tasks/SWIN-3037B7685B1A50D85662--4ee2297eeda9.json",
      "answer": "scene-scout/agent-files/answers/SWIN-3037B7685B1A50D85662--4ee2297eeda9.json"
    },
    {
      "window_id": "SWIN-30ACB0029E12BB196F40",
      "task": "scene-scout/agent-files/tasks/SWIN-30ACB0029E12BB196F40--d464e1a0a33a.json",
      "answer": "scene-scout/agent-files/answers/SWIN-30ACB0029E12BB196F40--d464e1a0a33a.json"
    },
    {
      "window_id": "SWIN-30C98577E155A6AE9C16",
      "task": "scene-scout/agent-files/tasks/SWIN-30C98577E155A6AE9C16--7d9e32b59843.json",
      "answer": "scene-scout/agent-files/answers/SWIN-30C98577E155A6AE9C16--7d9e32b59843.json"
    },
    {
      "window_id": "SWIN-31A8892CB18F8FB295F7",
      "task": "scene-scout/agent-files/tasks/SWIN-31A8892CB18F8FB295F7--6d24abc733ac.json",
      "answer": "scene-scout/agent-files/answers/SWIN-31A8892CB18F8FB295F7--6d24abc733ac.json"
    },
    {
      "window_id": "SWIN-31C92F5E7132A2F0BF60",
      "task": "scene-scout/agent-files/tasks/SWIN-31C92F5E7132A2F0BF60--ab3ebbdd064d.json",
      "answer": "scene-scout/agent-files/answers/SWIN-31C92F5E7132A2F0BF60--ab3ebbdd064d.json"
    },
    {
      "window_id": "SWIN-31DCA333DF79A1855E41",
      "task": "scene-scout/agent-files/tasks/SWIN-31DCA333DF79A1855E41--59bbdc2bb0c5.json",
      "answer": "scene-scout/agent-files/answers/SWIN-31DCA333DF79A1855E41--59bbdc2bb0c5.json"
    },
    {
      "window_id": "SWIN-33FABFED4970620E061B",
      "task": "scene-scout/agent-files/tasks/SWIN-33FABFED4970620E061B--c0c611340981.json",
      "answer": "scene-scout/agent-files/answers/SWIN-33FABFED4970620E061B--c0c611340981.json"
    },
    {
      "window_id": "SWIN-3465CA6535057AE3963D",
      "task": "scene-scout/agent-files/tasks/SWIN-3465CA6535057AE3963D--6a7901b87062.json",
      "answer": "scene-scout/agent-files/answers/SWIN-3465CA6535057AE3963D--6a7901b87062.json"
    },
    {
      "window_id": "SWIN-35AD4B3D4EB784F215F0",
      "task": "scene-scout/agent-files/tasks/SWIN-35AD4B3D4EB784F215F0--4b611dca3501.json",
      "answer": "scene-scout/agent-files/answers/SWIN-35AD4B3D4EB784F215F0--4b611dca3501.json"
    },
    {
      "window_id": "SWIN-35BC231FE97C764B4743",
      "task": "scene-scout/agent-files/tasks/SWIN-35BC231FE97C764B4743--7010e78e8caa.json",
      "answer": "scene-scout/agent-files/answers/SWIN-35BC231FE97C764B4743--7010e78e8caa.json"
    },
    {
      "window_id": "SWIN-35F50D3BF0D5A793D7F7",
      "task": "scene-scout/agent-files/tasks/SWIN-35F50D3BF0D5A793D7F7--c3e0a3610278.json",
      "answer": "scene-scout/agent-files/answers/SWIN-35F50D3BF0D5A793D7F7--c3e0a3610278.json"
    },
    {
      "window_id": "SWIN-3662AC54B4E350AA2E5E",
      "task": "scene-scout/agent-files/tasks/SWIN-3662AC54B4E350AA2E5E--61e8dc65959d.json",
      "answer": "scene-scout/agent-files/answers/SWIN-3662AC54B4E350AA2E5E--61e8dc65959d.json"
    },
    {
      "window_id": "SWIN-3740EC17C6E3DBB9E0D5",
      "task": "scene-scout/agent-files/tasks/SWIN-3740EC17C6E3DBB9E0D5--1d23b586c318.json",
      "answer": "scene-scout/agent-files/answers/SWIN-3740EC17C6E3DBB9E0D5--1d23b586c318.json"
    },
    {
      "window_id": "SWIN-377434F07822132A5E37",
      "task": "scene-scout/agent-files/tasks/SWIN-377434F07822132A5E37--8d20d95b887e.json",
      "answer": "scene-scout/agent-files/answers/SWIN-377434F07822132A5E37--8d20d95b887e.json"
    },
    {
      "window_id": "SWIN-379FDA813AA4869373E5",
      "task": "scene-scout/agent-files/tasks/SWIN-379FDA813AA4869373E5--fc45bcc6d7f3.json",
      "answer": "scene-scout/agent-files/answers/SWIN-379FDA813AA4869373E5--fc45bcc6d7f3.json"
    },
    {
      "window_id": "SWIN-37A1FC05EF0124A0B797",
      "task": "scene-scout/agent-files/tasks/SWIN-37A1FC05EF0124A0B797--725142cc3c8c.json",
      "answer": "scene-scout/agent-files/answers/SWIN-37A1FC05EF0124A0B797--725142cc3c8c.json"
    },
    {
      "window_id": "SWIN-3922A8B37962A1116F1B",
      "task": "scene-scout/agent-files/tasks/SWIN-3922A8B37962A1116F1B--b254c11ea56c.json",
      "answer": "scene-scout/agent-files/answers/SWIN-3922A8B37962A1116F1B--b254c11ea56c.json"
    },
    {
      "window_id": "SWIN-39C9886CF7072BAEA6E9",
      "task": "scene-scout/agent-files/tasks/SWIN-39C9886CF7072BAEA6E9--921f1c770638.json",
      "answer": "scene-scout/agent-files/answers/SWIN-39C9886CF7072BAEA6E9--921f1c770638.json"
    },
    {
      "window_id": "SWIN-39ECEB3DF9AD506D63CE",
      "task": "scene-scout/agent-files/tasks/SWIN-39ECEB3DF9AD506D63CE--12b683c84323.json",
      "answer": "scene-scout/agent-files/answers/SWIN-39ECEB3DF9AD506D63CE--12b683c84323.json"
    },
    {
      "window_id": "SWIN-3A792B827FA6E035212B",
      "task": "scene-scout/agent-files/tasks/SWIN-3A792B827FA6E035212B--d3fbcdb72943.json",
      "answer": "scene-scout/agent-files/answers/SWIN-3A792B827FA6E035212B--d3fbcdb72943.json"
    },
    {
      "window_id": "SWIN-3AEE2B5D5A7713B3769A",
      "task": "scene-scout/agent-files/tasks/SWIN-3AEE2B5D5A7713B3769A--e5e0d369b2f7.json",
      "answer": "scene-scout/agent-files/answers/SWIN-3AEE2B5D5A7713B3769A--e5e0d369b2f7.json"
    },
    {
      "window_id": "SWIN-3BF4C941FA49CFCCB3F2",
      "task": "scene-scout/agent-files/tasks/SWIN-3BF4C941FA49CFCCB3F2--b2d7a58fa66a.json",
      "answer": "scene-scout/agent-files/answers/SWIN-3BF4C941FA49CFCCB3F2--b2d7a58fa66a.json"
    },
    {
      "window_id": "SWIN-3C73400E440AD13076F3",
      "task": "scene-scout/agent-files/tasks/SWIN-3C73400E440AD13076F3--034f55c70799.json",
      "answer": "scene-scout/agent-files/answers/SWIN-3C73400E440AD13076F3--034f55c70799.json"
    },
    {
      "window_id": "SWIN-3C804C4CBA53A10A6856",
      "task": "scene-scout/agent-files/tasks/SWIN-3C804C4CBA53A10A6856--cf40437e1443.json",
      "answer": "scene-scout/agent-files/answers/SWIN-3C804C4CBA53A10A6856--cf40437e1443.json"
    },
    {
      "window_id": "SWIN-3CFC45DD33C5DBBB24FA",
      "task": "scene-scout/agent-files/tasks/SWIN-3CFC45DD33C5DBBB24FA--9faf64373fa2.json",
      "answer": "scene-scout/agent-files/answers/SWIN-3CFC45DD33C5DBBB24FA--9faf64373fa2.json"
    },
    {
      "window_id": "SWIN-3D349D9CF31726BD4020",
      "task": "scene-scout/agent-files/tasks/SWIN-3D349D9CF31726BD4020--0213145aff76.json",
      "answer": "scene-scout/agent-files/answers/SWIN-3D349D9CF31726BD4020--0213145aff76.json"
    },
    {
      "window_id": "SWIN-3D969FBC86B9335C734D",
      "task": "scene-scout/agent-files/tasks/SWIN-3D969FBC86B9335C734D--c90cd6c79bb5.json",
      "answer": "scene-scout/agent-files/answers/SWIN-3D969FBC86B9335C734D--c90cd6c79bb5.json"
    },
    {
      "window_id": "SWIN-3DF5D17AB66B6A55A536",
      "task": "scene-scout/agent-files/tasks/SWIN-3DF5D17AB66B6A55A536--9abbf88acc97.json",
      "answer": "scene-scout/agent-files/answers/SWIN-3DF5D17AB66B6A55A536--9abbf88acc97.json"
    },
    {
      "window_id": "SWIN-3E238EEDA2EE8EFA2F06",
      "task": "scene-scout/agent-files/tasks/SWIN-3E238EEDA2EE8EFA2F06--75268d2765f9.json",
      "answer": "scene-scout/agent-files/answers/SWIN-3E238EEDA2EE8EFA2F06--75268d2765f9.json"
    },
    {
      "window_id": "SWIN-3E91869309B44E167C56",
      "task": "scene-scout/agent-files/tasks/SWIN-3E91869309B44E167C56--eecf98172083.json",
      "answer": "scene-scout/agent-files/answers/SWIN-3E91869309B44E167C56--eecf98172083.json"
    },
    {
      "window_id": "SWIN-3EECCE31E0B1CC7EBEED",
      "task": "scene-scout/agent-files/tasks/SWIN-3EECCE31E0B1CC7EBEED--e0bd26e75331.json",
      "answer": "scene-scout/agent-files/answers/SWIN-3EECCE31E0B1CC7EBEED--e0bd26e75331.json"
    },
    {
      "window_id": "SWIN-3F04CA48B2C534DDC23C",
      "task": "scene-scout/agent-files/tasks/SWIN-3F04CA48B2C534DDC23C--1f1985df4c34.json",
      "answer": "scene-scout/agent-files/answers/SWIN-3F04CA48B2C534DDC23C--1f1985df4c34.json"
    },
    {
      "window_id": "SWIN-3F06EB8DB325162164B4",
      "task": "scene-scout/agent-files/tasks/SWIN-3F06EB8DB325162164B4--c61f78dfd8a7.json",
      "answer": "scene-scout/agent-files/answers/SWIN-3F06EB8DB325162164B4--c61f78dfd8a7.json"
    },
    {
      "window_id": "SWIN-3F2A53EEB17CE831333A",
      "task": "scene-scout/agent-files/tasks/SWIN-3F2A53EEB17CE831333A--874ad23ecf49.json",
      "answer": "scene-scout/agent-files/answers/SWIN-3F2A53EEB17CE831333A--874ad23ecf49.json"
    },
    {
      "window_id": "SWIN-3FF5E14324B4EC6E0963",
      "task": "scene-scout/agent-files/tasks/SWIN-3FF5E14324B4EC6E0963--a5638f7027b6.json",
      "answer": "scene-scout/agent-files/answers/SWIN-3FF5E14324B4EC6E0963--a5638f7027b6.json"
    },
    {
      "window_id": "SWIN-40985B53D73AEC37E142",
      "task": "scene-scout/agent-files/tasks/SWIN-40985B53D73AEC37E142--95dba5e65e70.json",
      "answer": "scene-scout/agent-files/answers/SWIN-40985B53D73AEC37E142--95dba5e65e70.json"
    },
    {
      "window_id": "SWIN-417C203821AB2B880470",
      "task": "scene-scout/agent-files/tasks/SWIN-417C203821AB2B880470--f0b899424063.json",
      "answer": "scene-scout/agent-files/answers/SWIN-417C203821AB2B880470--f0b899424063.json"
    },
    {
      "window_id": "SWIN-417E2D3C75B7443FE946",
      "task": "scene-scout/agent-files/tasks/SWIN-417E2D3C75B7443FE946--6aa83ada5b2c.json",
      "answer": "scene-scout/agent-files/answers/SWIN-417E2D3C75B7443FE946--6aa83ada5b2c.json"
    },
    {
      "window_id": "SWIN-4292BBD213F79F10B018",
      "task": "scene-scout/agent-files/tasks/SWIN-4292BBD213F79F10B018--092b869aba85.json",
      "answer": "scene-scout/agent-files/answers/SWIN-4292BBD213F79F10B018--092b869aba85.json"
    },
    {
      "window_id": "SWIN-42EED82FA533CF9D8439",
      "task": "scene-scout/agent-files/tasks/SWIN-42EED82FA533CF9D8439--1a5f0b830ff3.json",
      "answer": "scene-scout/agent-files/answers/SWIN-42EED82FA533CF9D8439--1a5f0b830ff3.json"
    },
    {
      "window_id": "SWIN-43BFBA68275A5C7E4230",
      "task": "scene-scout/agent-files/tasks/SWIN-43BFBA68275A5C7E4230--875a25c600b9.json",
      "answer": "scene-scout/agent-files/answers/SWIN-43BFBA68275A5C7E4230--875a25c600b9.json"
    },
    {
      "window_id": "SWIN-44CDEE7F07B266577B53",
      "task": "scene-scout/agent-files/tasks/SWIN-44CDEE7F07B266577B53--dd737cbd1718.json",
      "answer": "scene-scout/agent-files/answers/SWIN-44CDEE7F07B266577B53--dd737cbd1718.json"
    },
    {
      "window_id": "SWIN-44F32E2A02CE73971A8D",
      "task": "scene-scout/agent-files/tasks/SWIN-44F32E2A02CE73971A8D--eecab2409060.json",
      "answer": "scene-scout/agent-files/answers/SWIN-44F32E2A02CE73971A8D--eecab2409060.json"
    },
    {
      "window_id": "SWIN-454297394342E3BBA1F0",
      "task": "scene-scout/agent-files/tasks/SWIN-454297394342E3BBA1F0--9b3200badebd.json",
      "answer": "scene-scout/agent-files/answers/SWIN-454297394342E3BBA1F0--9b3200badebd.json"
    },
    {
      "window_id": "SWIN-45471542E94919538059",
      "task": "scene-scout/agent-files/tasks/SWIN-45471542E94919538059--b7c3597b9dda.json",
      "answer": "scene-scout/agent-files/answers/SWIN-45471542E94919538059--b7c3597b9dda.json"
    },
    {
      "window_id": "SWIN-457BB7EFF5751E335DE3",
      "task": "scene-scout/agent-files/tasks/SWIN-457BB7EFF5751E335DE3--efe6cfb842bd.json",
      "answer": "scene-scout/agent-files/answers/SWIN-457BB7EFF5751E335DE3--efe6cfb842bd.json"
    },
    {
      "window_id": "SWIN-46826909C740C472ADC8",
      "task": "scene-scout/agent-files/tasks/SWIN-46826909C740C472ADC8--db06457a2f11.json",
      "answer": "scene-scout/agent-files/answers/SWIN-46826909C740C472ADC8--db06457a2f11.json"
    },
    {
      "window_id": "SWIN-47544B6550C4A5E23EEA",
      "task": "scene-scout/agent-files/tasks/SWIN-47544B6550C4A5E23EEA--673777f2c97c.json",
      "answer": "scene-scout/agent-files/answers/SWIN-47544B6550C4A5E23EEA--673777f2c97c.json"
    },
    {
      "window_id": "SWIN-4787EDE6E6636D5D7B02",
      "task": "scene-scout/agent-files/tasks/SWIN-4787EDE6E6636D5D7B02--390d00ec4327.json",
      "answer": "scene-scout/agent-files/answers/SWIN-4787EDE6E6636D5D7B02--390d00ec4327.json"
    },
    {
      "window_id": "SWIN-478BE796C8C8814DF3A8",
      "task": "scene-scout/agent-files/tasks/SWIN-478BE796C8C8814DF3A8--c038127cb637.json",
      "answer": "scene-scout/agent-files/answers/SWIN-478BE796C8C8814DF3A8--c038127cb637.json"
    },
    {
      "window_id": "SWIN-481F7CAAE27D0483785E",
      "task": "scene-scout/agent-files/tasks/SWIN-481F7CAAE27D0483785E--801061dfd2ca.json",
      "answer": "scene-scout/agent-files/answers/SWIN-481F7CAAE27D0483785E--801061dfd2ca.json"
    },
    {
      "window_id": "SWIN-486D10BD59C85E6737B0",
      "task": "scene-scout/agent-files/tasks/SWIN-486D10BD59C85E6737B0--0520fbe7ab75.json",
      "answer": "scene-scout/agent-files/answers/SWIN-486D10BD59C85E6737B0--0520fbe7ab75.json"
    },
    {
      "window_id": "SWIN-48C0E7123D347550699E",
      "task": "scene-scout/agent-files/tasks/SWIN-48C0E7123D347550699E--9943132bcd93.json",
      "answer": "scene-scout/agent-files/answers/SWIN-48C0E7123D347550699E--9943132bcd93.json"
    },
    {
      "window_id": "SWIN-48FC35901E9A40AD0930",
      "task": "scene-scout/agent-files/tasks/SWIN-48FC35901E9A40AD0930--f1e3c55d9394.json",
      "answer": "scene-scout/agent-files/answers/SWIN-48FC35901E9A40AD0930--f1e3c55d9394.json"
    },
    {
      "window_id": "SWIN-48FD8E68D9EBF9C0A065",
      "task": "scene-scout/agent-files/tasks/SWIN-48FD8E68D9EBF9C0A065--1acd51b8c1a8.json",
      "answer": "scene-scout/agent-files/answers/SWIN-48FD8E68D9EBF9C0A065--1acd51b8c1a8.json"
    },
    {
      "window_id": "SWIN-492B881FCA2C59C1ED5F",
      "task": "scene-scout/agent-files/tasks/SWIN-492B881FCA2C59C1ED5F--c08985821521.json",
      "answer": "scene-scout/agent-files/answers/SWIN-492B881FCA2C59C1ED5F--c08985821521.json"
    },
    {
      "window_id": "SWIN-49F899F5E7FEBD91FE17",
      "task": "scene-scout/agent-files/tasks/SWIN-49F899F5E7FEBD91FE17--0e46b42b35fc.json",
      "answer": "scene-scout/agent-files/answers/SWIN-49F899F5E7FEBD91FE17--0e46b42b35fc.json"
    },
    {
      "window_id": "SWIN-4A0234183D0A010EFEAA",
      "task": "scene-scout/agent-files/tasks/SWIN-4A0234183D0A010EFEAA--7928d815f754.json",
      "answer": "scene-scout/agent-files/answers/SWIN-4A0234183D0A010EFEAA--7928d815f754.json"
    },
    {
      "window_id": "SWIN-4A1224B57AA26C439518",
      "task": "scene-scout/agent-files/tasks/SWIN-4A1224B57AA26C439518--a27e6cd3fea7.json",
      "answer": "scene-scout/agent-files/answers/SWIN-4A1224B57AA26C439518--a27e6cd3fea7.json"
    },
    {
      "window_id": "SWIN-4AC98CCDE5248D79261B",
      "task": "scene-scout/agent-files/tasks/SWIN-4AC98CCDE5248D79261B--c28256c948b0.json",
      "answer": "scene-scout/agent-files/answers/SWIN-4AC98CCDE5248D79261B--c28256c948b0.json"
    },
    {
      "window_id": "SWIN-4B62F854E7B2A00DFA22",
      "task": "scene-scout/agent-files/tasks/SWIN-4B62F854E7B2A00DFA22--ffce6bf63f44.json",
      "answer": "scene-scout/agent-files/answers/SWIN-4B62F854E7B2A00DFA22--ffce6bf63f44.json"
    },
    {
      "window_id": "SWIN-4B8646A34CF830CDC893",
      "task": "scene-scout/agent-files/tasks/SWIN-4B8646A34CF830CDC893--04ce3427b6ff.json",
      "answer": "scene-scout/agent-files/answers/SWIN-4B8646A34CF830CDC893--04ce3427b6ff.json"
    },
    {
      "window_id": "SWIN-4BBAAC27F2ECE79F2FD8",
      "task": "scene-scout/agent-files/tasks/SWIN-4BBAAC27F2ECE79F2FD8--09b01e144ae0.json",
      "answer": "scene-scout/agent-files/answers/SWIN-4BBAAC27F2ECE79F2FD8--09b01e144ae0.json"
    },
    {
      "window_id": "SWIN-4BCBF36107449DB7A340",
      "task": "scene-scout/agent-files/tasks/SWIN-4BCBF36107449DB7A340--2a2fa97ac902.json",
      "answer": "scene-scout/agent-files/answers/SWIN-4BCBF36107449DB7A340--2a2fa97ac902.json"
    },
    {
      "window_id": "SWIN-4D0074BE4DC5A47F0520",
      "task": "scene-scout/agent-files/tasks/SWIN-4D0074BE4DC5A47F0520--2a2fbd1f5a0e.json",
      "answer": "scene-scout/agent-files/answers/SWIN-4D0074BE4DC5A47F0520--2a2fbd1f5a0e.json"
    },
    {
      "window_id": "SWIN-4D790D9707D678524F8E",
      "task": "scene-scout/agent-files/tasks/SWIN-4D790D9707D678524F8E--7fedeb76ef8e.json",
      "answer": "scene-scout/agent-files/answers/SWIN-4D790D9707D678524F8E--7fedeb76ef8e.json"
    },
    {
      "window_id": "SWIN-4D898EDFB8E85AF59997",
      "task": "scene-scout/agent-files/tasks/SWIN-4D898EDFB8E85AF59997--61cd5e0db7ae.json",
      "answer": "scene-scout/agent-files/answers/SWIN-4D898EDFB8E85AF59997--61cd5e0db7ae.json"
    },
    {
      "window_id": "SWIN-4E4849930AF16465E5EC",
      "task": "scene-scout/agent-files/tasks/SWIN-4E4849930AF16465E5EC--f338bb9e2b79.json",
      "answer": "scene-scout/agent-files/answers/SWIN-4E4849930AF16465E5EC--f338bb9e2b79.json"
    },
    {
      "window_id": "SWIN-4E9A04568339188C053C",
      "task": "scene-scout/agent-files/tasks/SWIN-4E9A04568339188C053C--e943e6912180.json",
      "answer": "scene-scout/agent-files/answers/SWIN-4E9A04568339188C053C--e943e6912180.json"
    },
    {
      "window_id": "SWIN-4F2D85856F2B18062C4D",
      "task": "scene-scout/agent-files/tasks/SWIN-4F2D85856F2B18062C4D--7babb8a6270a.json",
      "answer": "scene-scout/agent-files/answers/SWIN-4F2D85856F2B18062C4D--7babb8a6270a.json"
    },
    {
      "window_id": "SWIN-4F747DCCCC2476578198",
      "task": "scene-scout/agent-files/tasks/SWIN-4F747DCCCC2476578198--4df52c853be3.json",
      "answer": "scene-scout/agent-files/answers/SWIN-4F747DCCCC2476578198--4df52c853be3.json"
    },
    {
      "window_id": "SWIN-4FA561A60B9B29253E8D",
      "task": "scene-scout/agent-files/tasks/SWIN-4FA561A60B9B29253E8D--c121b9838875.json",
      "answer": "scene-scout/agent-files/answers/SWIN-4FA561A60B9B29253E8D--c121b9838875.json"
    },
    {
      "window_id": "SWIN-4FBD92598079BDBC5CDD",
      "task": "scene-scout/agent-files/tasks/SWIN-4FBD92598079BDBC5CDD--7d15336a1385.json",
      "answer": "scene-scout/agent-files/answers/SWIN-4FBD92598079BDBC5CDD--7d15336a1385.json"
    },
    {
      "window_id": "SWIN-4FEDBD2CDEB06391AB74",
      "task": "scene-scout/agent-files/tasks/SWIN-4FEDBD2CDEB06391AB74--6f3da3bead63.json",
      "answer": "scene-scout/agent-files/answers/SWIN-4FEDBD2CDEB06391AB74--6f3da3bead63.json"
    },
    {
      "window_id": "SWIN-4FF110204A6250DAD225",
      "task": "scene-scout/agent-files/tasks/SWIN-4FF110204A6250DAD225--399f79fc3cf3.json",
      "answer": "scene-scout/agent-files/answers/SWIN-4FF110204A6250DAD225--399f79fc3cf3.json"
    },
    {
      "window_id": "SWIN-50A585C36D3FC03E5BBC",
      "task": "scene-scout/agent-files/tasks/SWIN-50A585C36D3FC03E5BBC--a349bbb6679e.json",
      "answer": "scene-scout/agent-files/answers/SWIN-50A585C36D3FC03E5BBC--a349bbb6679e.json"
    },
    {
      "window_id": "SWIN-512300AEF6C1C9CBE0A2",
      "task": "scene-scout/agent-files/tasks/SWIN-512300AEF6C1C9CBE0A2--e84d394a0ea9.json",
      "answer": "scene-scout/agent-files/answers/SWIN-512300AEF6C1C9CBE0A2--e84d394a0ea9.json"
    },
    {
      "window_id": "SWIN-51371B5930D7AE8D203E",
      "task": "scene-scout/agent-files/tasks/SWIN-51371B5930D7AE8D203E--77159b736bf1.json",
      "answer": "scene-scout/agent-files/answers/SWIN-51371B5930D7AE8D203E--77159b736bf1.json"
    },
    {
      "window_id": "SWIN-51A6125957003524F9FA",
      "task": "scene-scout/agent-files/tasks/SWIN-51A6125957003524F9FA--bd93f7543287.json",
      "answer": "scene-scout/agent-files/answers/SWIN-51A6125957003524F9FA--bd93f7543287.json"
    },
    {
      "window_id": "SWIN-5224B8742791A5C46CC9",
      "task": "scene-scout/agent-files/tasks/SWIN-5224B8742791A5C46CC9--cd8bba34f3ad.json",
      "answer": "scene-scout/agent-files/answers/SWIN-5224B8742791A5C46CC9--cd8bba34f3ad.json"
    },
    {
      "window_id": "SWIN-52A2568D046E74F9ABEC",
      "task": "scene-scout/agent-files/tasks/SWIN-52A2568D046E74F9ABEC--a32d4e2ad2c4.json",
      "answer": "scene-scout/agent-files/answers/SWIN-52A2568D046E74F9ABEC--a32d4e2ad2c4.json"
    },
    {
      "window_id": "SWIN-52E8405EA80F7BC5C802",
      "task": "scene-scout/agent-files/tasks/SWIN-52E8405EA80F7BC5C802--bba9d46f8b15.json",
      "answer": "scene-scout/agent-files/answers/SWIN-52E8405EA80F7BC5C802--bba9d46f8b15.json"
    },
    {
      "window_id": "SWIN-533962841C675A07A0F3",
      "task": "scene-scout/agent-files/tasks/SWIN-533962841C675A07A0F3--d649cd0faab3.json",
      "answer": "scene-scout/agent-files/answers/SWIN-533962841C675A07A0F3--d649cd0faab3.json"
    },
    {
      "window_id": "SWIN-533D08467A71B638D1FE",
      "task": "scene-scout/agent-files/tasks/SWIN-533D08467A71B638D1FE--9d164a238eb4.json",
      "answer": "scene-scout/agent-files/answers/SWIN-533D08467A71B638D1FE--9d164a238eb4.json"
    },
    {
      "window_id": "SWIN-53CB321BFCDC0AA82028",
      "task": "scene-scout/agent-files/tasks/SWIN-53CB321BFCDC0AA82028--572c97581cf1.json",
      "answer": "scene-scout/agent-files/answers/SWIN-53CB321BFCDC0AA82028--572c97581cf1.json"
    },
    {
      "window_id": "SWIN-53DB8AB104FD8F7C534C",
      "task": "scene-scout/agent-files/tasks/SWIN-53DB8AB104FD8F7C534C--e73c2d0fe682.json",
      "answer": "scene-scout/agent-files/answers/SWIN-53DB8AB104FD8F7C534C--e73c2d0fe682.json"
    },
    {
      "window_id": "SWIN-549623FC0B5837231B87",
      "task": "scene-scout/agent-files/tasks/SWIN-549623FC0B5837231B87--892062efebe0.json",
      "answer": "scene-scout/agent-files/answers/SWIN-549623FC0B5837231B87--892062efebe0.json"
    },
    {
      "window_id": "SWIN-54992385811C12576202",
      "task": "scene-scout/agent-files/tasks/SWIN-54992385811C12576202--f1b5d3d5cf93.json",
      "answer": "scene-scout/agent-files/answers/SWIN-54992385811C12576202--f1b5d3d5cf93.json"
    },
    {
      "window_id": "SWIN-54CA6B2CCF16F3A2538C",
      "task": "scene-scout/agent-files/tasks/SWIN-54CA6B2CCF16F3A2538C--7c6ceef88e47.json",
      "answer": "scene-scout/agent-files/answers/SWIN-54CA6B2CCF16F3A2538C--7c6ceef88e47.json"
    },
    {
      "window_id": "SWIN-555A110456E20709F63D",
      "task": "scene-scout/agent-files/tasks/SWIN-555A110456E20709F63D--4ee28585b6e4.json",
      "answer": "scene-scout/agent-files/answers/SWIN-555A110456E20709F63D--4ee28585b6e4.json"
    },
    {
      "window_id": "SWIN-55A014AA8CC706D5726B",
      "task": "scene-scout/agent-files/tasks/SWIN-55A014AA8CC706D5726B--3b1fbcbcfeea.json",
      "answer": "scene-scout/agent-files/answers/SWIN-55A014AA8CC706D5726B--3b1fbcbcfeea.json"
    },
    {
      "window_id": "SWIN-55EF7C2624E62D5420EC",
      "task": "scene-scout/agent-files/tasks/SWIN-55EF7C2624E62D5420EC--bee58a036384.json",
      "answer": "scene-scout/agent-files/answers/SWIN-55EF7C2624E62D5420EC--bee58a036384.json"
    },
    {
      "window_id": "SWIN-562033AD025CB94EFE5D",
      "task": "scene-scout/agent-files/tasks/SWIN-562033AD025CB94EFE5D--de815c73d8a3.json",
      "answer": "scene-scout/agent-files/answers/SWIN-562033AD025CB94EFE5D--de815c73d8a3.json"
    },
    {
      "window_id": "SWIN-5671A0E81682649F201E",
      "task": "scene-scout/agent-files/tasks/SWIN-5671A0E81682649F201E--fe3f8357476d.json",
      "answer": "scene-scout/agent-files/answers/SWIN-5671A0E81682649F201E--fe3f8357476d.json"
    },
    {
      "window_id": "SWIN-569CB587AFCFDFF74BE4",
      "task": "scene-scout/agent-files/tasks/SWIN-569CB587AFCFDFF74BE4--bc3d30ff0563.json",
      "answer": "scene-scout/agent-files/answers/SWIN-569CB587AFCFDFF74BE4--bc3d30ff0563.json"
    },
    {
      "window_id": "SWIN-56C7961C6F2F9CA50896",
      "task": "scene-scout/agent-files/tasks/SWIN-56C7961C6F2F9CA50896--29ee0b387ecc.json",
      "answer": "scene-scout/agent-files/answers/SWIN-56C7961C6F2F9CA50896--29ee0b387ecc.json"
    },
    {
      "window_id": "SWIN-570C234DAC83CC1CC009",
      "task": "scene-scout/agent-files/tasks/SWIN-570C234DAC83CC1CC009--dbd6bc564366.json",
      "answer": "scene-scout/agent-files/answers/SWIN-570C234DAC83CC1CC009--dbd6bc564366.json"
    },
    {
      "window_id": "SWIN-57885DF9697FA1CE87E5",
      "task": "scene-scout/agent-files/tasks/SWIN-57885DF9697FA1CE87E5--203349cde4f0.json",
      "answer": "scene-scout/agent-files/answers/SWIN-57885DF9697FA1CE87E5--203349cde4f0.json"
    },
    {
      "window_id": "SWIN-57A2328C956DF7F846FE",
      "task": "scene-scout/agent-files/tasks/SWIN-57A2328C956DF7F846FE--eeadea15c5b0.json",
      "answer": "scene-scout/agent-files/answers/SWIN-57A2328C956DF7F846FE--eeadea15c5b0.json"
    },
    {
      "window_id": "SWIN-5892D194FA8A1E9B19CC",
      "task": "scene-scout/agent-files/tasks/SWIN-5892D194FA8A1E9B19CC--35d5d42e8ca3.json",
      "answer": "scene-scout/agent-files/answers/SWIN-5892D194FA8A1E9B19CC--35d5d42e8ca3.json"
    },
    {
      "window_id": "SWIN-589B377B900175C9EEA9",
      "task": "scene-scout/agent-files/tasks/SWIN-589B377B900175C9EEA9--a23e52c7a420.json",
      "answer": "scene-scout/agent-files/answers/SWIN-589B377B900175C9EEA9--a23e52c7a420.json"
    },
    {
      "window_id": "SWIN-591AC2C80F8330C12CD0",
      "task": "scene-scout/agent-files/tasks/SWIN-591AC2C80F8330C12CD0--04ed010c6905.json",
      "answer": "scene-scout/agent-files/answers/SWIN-591AC2C80F8330C12CD0--04ed010c6905.json"
    },
    {
      "window_id": "SWIN-597939E869466A560090",
      "task": "scene-scout/agent-files/tasks/SWIN-597939E869466A560090--ef427007e33d.json",
      "answer": "scene-scout/agent-files/answers/SWIN-597939E869466A560090--ef427007e33d.json"
    },
    {
      "window_id": "SWIN-5A4A7B87D6600349A5BF",
      "task": "scene-scout/agent-files/tasks/SWIN-5A4A7B87D6600349A5BF--552decbf6a17.json",
      "answer": "scene-scout/agent-files/answers/SWIN-5A4A7B87D6600349A5BF--552decbf6a17.json"
    },
    {
      "window_id": "SWIN-5A71F3E7CF157E3B0277",
      "task": "scene-scout/agent-files/tasks/SWIN-5A71F3E7CF157E3B0277--0d779dfe3f73.json",
      "answer": "scene-scout/agent-files/answers/SWIN-5A71F3E7CF157E3B0277--0d779dfe3f73.json"
    },
    {
      "window_id": "SWIN-5A80B7427DE1E7E5F33E",
      "task": "scene-scout/agent-files/tasks/SWIN-5A80B7427DE1E7E5F33E--14713f5a30fe.json",
      "answer": "scene-scout/agent-files/answers/SWIN-5A80B7427DE1E7E5F33E--14713f5a30fe.json"
    },
    {
      "window_id": "SWIN-5A9EC35AFF09A49B97D7",
      "task": "scene-scout/agent-files/tasks/SWIN-5A9EC35AFF09A49B97D7--0d245c744115.json",
      "answer": "scene-scout/agent-files/answers/SWIN-5A9EC35AFF09A49B97D7--0d245c744115.json"
    },
    {
      "window_id": "SWIN-5AD1A0FE78DF5B232384",
      "task": "scene-scout/agent-files/tasks/SWIN-5AD1A0FE78DF5B232384--42a1d235d6bc.json",
      "answer": "scene-scout/agent-files/answers/SWIN-5AD1A0FE78DF5B232384--42a1d235d6bc.json"
    },
    {
      "window_id": "SWIN-5ADCDE56A9191FF42FC6",
      "task": "scene-scout/agent-files/tasks/SWIN-5ADCDE56A9191FF42FC6--d30f3fadeb28.json",
      "answer": "scene-scout/agent-files/answers/SWIN-5ADCDE56A9191FF42FC6--d30f3fadeb28.json"
    },
    {
      "window_id": "SWIN-5B052AF60706CBD0BD1B",
      "task": "scene-scout/agent-files/tasks/SWIN-5B052AF60706CBD0BD1B--5bc540239b40.json",
      "answer": "scene-scout/agent-files/answers/SWIN-5B052AF60706CBD0BD1B--5bc540239b40.json"
    },
    {
      "window_id": "SWIN-5B91A034D69876A608BC",
      "task": "scene-scout/agent-files/tasks/SWIN-5B91A034D69876A608BC--dc15e13232d9.json",
      "answer": "scene-scout/agent-files/answers/SWIN-5B91A034D69876A608BC--dc15e13232d9.json"
    },
    {
      "window_id": "SWIN-5C78F6E12421CD3F790E",
      "task": "scene-scout/agent-files/tasks/SWIN-5C78F6E12421CD3F790E--67e1cb2813b9.json",
      "answer": "scene-scout/agent-files/answers/SWIN-5C78F6E12421CD3F790E--67e1cb2813b9.json"
    },
    {
      "window_id": "SWIN-5CD19BFA9470891C5B5E",
      "task": "scene-scout/agent-files/tasks/SWIN-5CD19BFA9470891C5B5E--7b0536860db4.json",
      "answer": "scene-scout/agent-files/answers/SWIN-5CD19BFA9470891C5B5E--7b0536860db4.json"
    },
    {
      "window_id": "SWIN-5D02DE1389FC61F69FA0",
      "task": "scene-scout/agent-files/tasks/SWIN-5D02DE1389FC61F69FA0--4494732e065e.json",
      "answer": "scene-scout/agent-files/answers/SWIN-5D02DE1389FC61F69FA0--4494732e065e.json"
    },
    {
      "window_id": "SWIN-5D1727BBF0BA4CB6E616",
      "task": "scene-scout/agent-files/tasks/SWIN-5D1727BBF0BA4CB6E616--791c041a172e.json",
      "answer": "scene-scout/agent-files/answers/SWIN-5D1727BBF0BA4CB6E616--791c041a172e.json"
    },
    {
      "window_id": "SWIN-5DBB39B597232D04760A",
      "task": "scene-scout/agent-files/tasks/SWIN-5DBB39B597232D04760A--bb129a680ccc.json",
      "answer": "scene-scout/agent-files/answers/SWIN-5DBB39B597232D04760A--bb129a680ccc.json"
    },
    {
      "window_id": "SWIN-5E78A5E8493262D9A928",
      "task": "scene-scout/agent-files/tasks/SWIN-5E78A5E8493262D9A928--d6e063bbf492.json",
      "answer": "scene-scout/agent-files/answers/SWIN-5E78A5E8493262D9A928--d6e063bbf492.json"
    },
    {
      "window_id": "SWIN-5FD00E4FDD05713CE7A4",
      "task": "scene-scout/agent-files/tasks/SWIN-5FD00E4FDD05713CE7A4--a7a4d0f77607.json",
      "answer": "scene-scout/agent-files/answers/SWIN-5FD00E4FDD05713CE7A4--a7a4d0f77607.json"
    },
    {
      "window_id": "SWIN-5FDE0F76E9F95A5DBAD3",
      "task": "scene-scout/agent-files/tasks/SWIN-5FDE0F76E9F95A5DBAD3--c53205fe18ea.json",
      "answer": "scene-scout/agent-files/answers/SWIN-5FDE0F76E9F95A5DBAD3--c53205fe18ea.json"
    },
    {
      "window_id": "SWIN-60310F5D0528092A8F79",
      "task": "scene-scout/agent-files/tasks/SWIN-60310F5D0528092A8F79--959a86a3a3c7.json",
      "answer": "scene-scout/agent-files/answers/SWIN-60310F5D0528092A8F79--959a86a3a3c7.json"
    },
    {
      "window_id": "SWIN-603A9E10A62A0E90BA19",
      "task": "scene-scout/agent-files/tasks/SWIN-603A9E10A62A0E90BA19--07710f05adbe.json",
      "answer": "scene-scout/agent-files/answers/SWIN-603A9E10A62A0E90BA19--07710f05adbe.json"
    },
    {
      "window_id": "SWIN-60636950F7EE4CD47E9F",
      "task": "scene-scout/agent-files/tasks/SWIN-60636950F7EE4CD47E9F--27a74588a016.json",
      "answer": "scene-scout/agent-files/answers/SWIN-60636950F7EE4CD47E9F--27a74588a016.json"
    },
    {
      "window_id": "SWIN-606D5832108B99AF8D8D",
      "task": "scene-scout/agent-files/tasks/SWIN-606D5832108B99AF8D8D--fcad565e9a4c.json",
      "answer": "scene-scout/agent-files/answers/SWIN-606D5832108B99AF8D8D--fcad565e9a4c.json"
    },
    {
      "window_id": "SWIN-618F11B9AF7B03C0F1CD",
      "task": "scene-scout/agent-files/tasks/SWIN-618F11B9AF7B03C0F1CD--041cb48cd21e.json",
      "answer": "scene-scout/agent-files/answers/SWIN-618F11B9AF7B03C0F1CD--041cb48cd21e.json"
    },
    {
      "window_id": "SWIN-6222E4963AD8CC40282C",
      "task": "scene-scout/agent-files/tasks/SWIN-6222E4963AD8CC40282C--0cea1d246b98.json",
      "answer": "scene-scout/agent-files/answers/SWIN-6222E4963AD8CC40282C--0cea1d246b98.json"
    },
    {
      "window_id": "SWIN-623402876EB5751BDBC9",
      "task": "scene-scout/agent-files/tasks/SWIN-623402876EB5751BDBC9--66ed695e48a7.json",
      "answer": "scene-scout/agent-files/answers/SWIN-623402876EB5751BDBC9--66ed695e48a7.json"
    },
    {
      "window_id": "SWIN-6238D7E6D989ED03287C",
      "task": "scene-scout/agent-files/tasks/SWIN-6238D7E6D989ED03287C--5d9ef18e2ab6.json",
      "answer": "scene-scout/agent-files/answers/SWIN-6238D7E6D989ED03287C--5d9ef18e2ab6.json"
    },
    {
      "window_id": "SWIN-62BA113E6118AC125EAF",
      "task": "scene-scout/agent-files/tasks/SWIN-62BA113E6118AC125EAF--7dc7d82f5776.json",
      "answer": "scene-scout/agent-files/answers/SWIN-62BA113E6118AC125EAF--7dc7d82f5776.json"
    },
    {
      "window_id": "SWIN-62DD286209CB0E440B84",
      "task": "scene-scout/agent-files/tasks/SWIN-62DD286209CB0E440B84--f17f8685be06.json",
      "answer": "scene-scout/agent-files/answers/SWIN-62DD286209CB0E440B84--f17f8685be06.json"
    },
    {
      "window_id": "SWIN-62F8536F7975A26872EC",
      "task": "scene-scout/agent-files/tasks/SWIN-62F8536F7975A26872EC--b6f6df6a67c0.json",
      "answer": "scene-scout/agent-files/answers/SWIN-62F8536F7975A26872EC--b6f6df6a67c0.json"
    },
    {
      "window_id": "SWIN-63216C7185BD41CE4595",
      "task": "scene-scout/agent-files/tasks/SWIN-63216C7185BD41CE4595--05ab4e22aba2.json",
      "answer": "scene-scout/agent-files/answers/SWIN-63216C7185BD41CE4595--05ab4e22aba2.json"
    },
    {
      "window_id": "SWIN-63637C5D96591BCC9E9C",
      "task": "scene-scout/agent-files/tasks/SWIN-63637C5D96591BCC9E9C--b89192021e35.json",
      "answer": "scene-scout/agent-files/answers/SWIN-63637C5D96591BCC9E9C--b89192021e35.json"
    },
    {
      "window_id": "SWIN-638677984D6694408E53",
      "task": "scene-scout/agent-files/tasks/SWIN-638677984D6694408E53--77a948b3e5d9.json",
      "answer": "scene-scout/agent-files/answers/SWIN-638677984D6694408E53--77a948b3e5d9.json"
    },
    {
      "window_id": "SWIN-640662723DAB0C01F62D",
      "task": "scene-scout/agent-files/tasks/SWIN-640662723DAB0C01F62D--75bfda0cb7e8.json",
      "answer": "scene-scout/agent-files/answers/SWIN-640662723DAB0C01F62D--75bfda0cb7e8.json"
    },
    {
      "window_id": "SWIN-64258E679FBEA0DAB7AA",
      "task": "scene-scout/agent-files/tasks/SWIN-64258E679FBEA0DAB7AA--f7c99ae83de8.json",
      "answer": "scene-scout/agent-files/answers/SWIN-64258E679FBEA0DAB7AA--f7c99ae83de8.json"
    },
    {
      "window_id": "SWIN-64E304FD9435C0DAA14A",
      "task": "scene-scout/agent-files/tasks/SWIN-64E304FD9435C0DAA14A--cb364f270e55.json",
      "answer": "scene-scout/agent-files/answers/SWIN-64E304FD9435C0DAA14A--cb364f270e55.json"
    },
    {
      "window_id": "SWIN-6507C10584BC6FFC1EDB",
      "task": "scene-scout/agent-files/tasks/SWIN-6507C10584BC6FFC1EDB--c4c8b596485c.json",
      "answer": "scene-scout/agent-files/answers/SWIN-6507C10584BC6FFC1EDB--c4c8b596485c.json"
    },
    {
      "window_id": "SWIN-6511E2FD54B5AB74D167",
      "task": "scene-scout/agent-files/tasks/SWIN-6511E2FD54B5AB74D167--7421de92465f.json",
      "answer": "scene-scout/agent-files/answers/SWIN-6511E2FD54B5AB74D167--7421de92465f.json"
    },
    {
      "window_id": "SWIN-655C156CC7E53EAB8343",
      "task": "scene-scout/agent-files/tasks/SWIN-655C156CC7E53EAB8343--a71abd61fb8e.json",
      "answer": "scene-scout/agent-files/answers/SWIN-655C156CC7E53EAB8343--a71abd61fb8e.json"
    },
    {
      "window_id": "SWIN-65C31E4CC90E8BC3DA41",
      "task": "scene-scout/agent-files/tasks/SWIN-65C31E4CC90E8BC3DA41--084ee3651b3a.json",
      "answer": "scene-scout/agent-files/answers/SWIN-65C31E4CC90E8BC3DA41--084ee3651b3a.json"
    },
    {
      "window_id": "SWIN-65CAB1CAB3BEFF463CBC",
      "task": "scene-scout/agent-files/tasks/SWIN-65CAB1CAB3BEFF463CBC--7077cef69942.json",
      "answer": "scene-scout/agent-files/answers/SWIN-65CAB1CAB3BEFF463CBC--7077cef69942.json"
    },
    {
      "window_id": "SWIN-66576EF9F92903377A38",
      "task": "scene-scout/agent-files/tasks/SWIN-66576EF9F92903377A38--53c69462f5bf.json",
      "answer": "scene-scout/agent-files/answers/SWIN-66576EF9F92903377A38--53c69462f5bf.json"
    },
    {
      "window_id": "SWIN-668E28A3AC875EF56529",
      "task": "scene-scout/agent-files/tasks/SWIN-668E28A3AC875EF56529--428431421981.json",
      "answer": "scene-scout/agent-files/answers/SWIN-668E28A3AC875EF56529--428431421981.json"
    },
    {
      "window_id": "SWIN-669C9B2F6FE2909A1738",
      "task": "scene-scout/agent-files/tasks/SWIN-669C9B2F6FE2909A1738--d7d97dadc76e.json",
      "answer": "scene-scout/agent-files/answers/SWIN-669C9B2F6FE2909A1738--d7d97dadc76e.json"
    },
    {
      "window_id": "SWIN-669F3CB3B2F999232B41",
      "task": "scene-scout/agent-files/tasks/SWIN-669F3CB3B2F999232B41--f5f5b7fca2d6.json",
      "answer": "scene-scout/agent-files/answers/SWIN-669F3CB3B2F999232B41--f5f5b7fca2d6.json"
    },
    {
      "window_id": "SWIN-66B9254DF03D2129A371",
      "task": "scene-scout/agent-files/tasks/SWIN-66B9254DF03D2129A371--c841dfeee29c.json",
      "answer": "scene-scout/agent-files/answers/SWIN-66B9254DF03D2129A371--c841dfeee29c.json"
    },
    {
      "window_id": "SWIN-68B82A3B4683ADA227CE",
      "task": "scene-scout/agent-files/tasks/SWIN-68B82A3B4683ADA227CE--abe66e3bd0c3.json",
      "answer": "scene-scout/agent-files/answers/SWIN-68B82A3B4683ADA227CE--abe66e3bd0c3.json"
    },
    {
      "window_id": "SWIN-68F8558CEE009627D06A",
      "task": "scene-scout/agent-files/tasks/SWIN-68F8558CEE009627D06A--99afd00f5ff2.json",
      "answer": "scene-scout/agent-files/answers/SWIN-68F8558CEE009627D06A--99afd00f5ff2.json"
    },
    {
      "window_id": "SWIN-696FAF9EA53DD3182A7F",
      "task": "scene-scout/agent-files/tasks/SWIN-696FAF9EA53DD3182A7F--0a5aabd03332.json",
      "answer": "scene-scout/agent-files/answers/SWIN-696FAF9EA53DD3182A7F--0a5aabd03332.json"
    },
    {
      "window_id": "SWIN-69E3005C1D90F6D26CB0",
      "task": "scene-scout/agent-files/tasks/SWIN-69E3005C1D90F6D26CB0--9f2487170534.json",
      "answer": "scene-scout/agent-files/answers/SWIN-69E3005C1D90F6D26CB0--9f2487170534.json"
    },
    {
      "window_id": "SWIN-6A6D4C620AABD19A7936",
      "task": "scene-scout/agent-files/tasks/SWIN-6A6D4C620AABD19A7936--56cfcaf1c501.json",
      "answer": "scene-scout/agent-files/answers/SWIN-6A6D4C620AABD19A7936--56cfcaf1c501.json"
    },
    {
      "window_id": "SWIN-6A7273C7B892AB08DACB",
      "task": "scene-scout/agent-files/tasks/SWIN-6A7273C7B892AB08DACB--e1ea79621636.json",
      "answer": "scene-scout/agent-files/answers/SWIN-6A7273C7B892AB08DACB--e1ea79621636.json"
    },
    {
      "window_id": "SWIN-6B177BC1E9BA9D953D4E",
      "task": "scene-scout/agent-files/tasks/SWIN-6B177BC1E9BA9D953D4E--cd178abeab94.json",
      "answer": "scene-scout/agent-files/answers/SWIN-6B177BC1E9BA9D953D4E--cd178abeab94.json"
    },
    {
      "window_id": "SWIN-6B52B7F0EF45A87BA106",
      "task": "scene-scout/agent-files/tasks/SWIN-6B52B7F0EF45A87BA106--63bba712dde8.json",
      "answer": "scene-scout/agent-files/answers/SWIN-6B52B7F0EF45A87BA106--63bba712dde8.json"
    },
    {
      "window_id": "SWIN-6B88114BA48BADBF50F5",
      "task": "scene-scout/agent-files/tasks/SWIN-6B88114BA48BADBF50F5--98cb0788d8ca.json",
      "answer": "scene-scout/agent-files/answers/SWIN-6B88114BA48BADBF50F5--98cb0788d8ca.json"
    },
    {
      "window_id": "SWIN-6BC03726C44A73619170",
      "task": "scene-scout/agent-files/tasks/SWIN-6BC03726C44A73619170--ace2dc7ef51b.json",
      "answer": "scene-scout/agent-files/answers/SWIN-6BC03726C44A73619170--ace2dc7ef51b.json"
    },
    {
      "window_id": "SWIN-6CD4E177EF8D6D805284",
      "task": "scene-scout/agent-files/tasks/SWIN-6CD4E177EF8D6D805284--46d3f259d057.json",
      "answer": "scene-scout/agent-files/answers/SWIN-6CD4E177EF8D6D805284--46d3f259d057.json"
    },
    {
      "window_id": "SWIN-6D12A50ACAFFF1015F8E",
      "task": "scene-scout/agent-files/tasks/SWIN-6D12A50ACAFFF1015F8E--88dfcea0c3b5.json",
      "answer": "scene-scout/agent-files/answers/SWIN-6D12A50ACAFFF1015F8E--88dfcea0c3b5.json"
    },
    {
      "window_id": "SWIN-6D24FD3435EBDDD6EA50",
      "task": "scene-scout/agent-files/tasks/SWIN-6D24FD3435EBDDD6EA50--d1bb568b608e.json",
      "answer": "scene-scout/agent-files/answers/SWIN-6D24FD3435EBDDD6EA50--d1bb568b608e.json"
    },
    {
      "window_id": "SWIN-6D86FAF44C80A35606A8",
      "task": "scene-scout/agent-files/tasks/SWIN-6D86FAF44C80A35606A8--879bb2ebc9dc.json",
      "answer": "scene-scout/agent-files/answers/SWIN-6D86FAF44C80A35606A8--879bb2ebc9dc.json"
    },
    {
      "window_id": "SWIN-6DBD1F4B18BD5CA62A94",
      "task": "scene-scout/agent-files/tasks/SWIN-6DBD1F4B18BD5CA62A94--12f965d4fc88.json",
      "answer": "scene-scout/agent-files/answers/SWIN-6DBD1F4B18BD5CA62A94--12f965d4fc88.json"
    },
    {
      "window_id": "SWIN-6EC9469D5A22101F89CA",
      "task": "scene-scout/agent-files/tasks/SWIN-6EC9469D5A22101F89CA--e850c4bbd7c1.json",
      "answer": "scene-scout/agent-files/answers/SWIN-6EC9469D5A22101F89CA--e850c4bbd7c1.json"
    },
    {
      "window_id": "SWIN-6FDDBFF6BB3A0675EFEC",
      "task": "scene-scout/agent-files/tasks/SWIN-6FDDBFF6BB3A0675EFEC--1c31f9911e8d.json",
      "answer": "scene-scout/agent-files/answers/SWIN-6FDDBFF6BB3A0675EFEC--1c31f9911e8d.json"
    },
    {
      "window_id": "SWIN-708F43F1E35E2732819A",
      "task": "scene-scout/agent-files/tasks/SWIN-708F43F1E35E2732819A--38731c9015f3.json",
      "answer": "scene-scout/agent-files/answers/SWIN-708F43F1E35E2732819A--38731c9015f3.json"
    },
    {
      "window_id": "SWIN-70DB487E0062BDA241FE",
      "task": "scene-scout/agent-files/tasks/SWIN-70DB487E0062BDA241FE--94c50a5af858.json",
      "answer": "scene-scout/agent-files/answers/SWIN-70DB487E0062BDA241FE--94c50a5af858.json"
    },
    {
      "window_id": "SWIN-70EDDF7CD2D5C880830A",
      "task": "scene-scout/agent-files/tasks/SWIN-70EDDF7CD2D5C880830A--58f90b71dddd.json",
      "answer": "scene-scout/agent-files/answers/SWIN-70EDDF7CD2D5C880830A--58f90b71dddd.json"
    },
    {
      "window_id": "SWIN-70FEBFF5119EA1AFF877",
      "task": "scene-scout/agent-files/tasks/SWIN-70FEBFF5119EA1AFF877--5e5af8e44c82.json",
      "answer": "scene-scout/agent-files/answers/SWIN-70FEBFF5119EA1AFF877--5e5af8e44c82.json"
    },
    {
      "window_id": "SWIN-7100BD062518070D4ED7",
      "task": "scene-scout/agent-files/tasks/SWIN-7100BD062518070D4ED7--06dbcf6aabe7.json",
      "answer": "scene-scout/agent-files/answers/SWIN-7100BD062518070D4ED7--06dbcf6aabe7.json"
    },
    {
      "window_id": "SWIN-722C5F71EFB0E6CD1650",
      "task": "scene-scout/agent-files/tasks/SWIN-722C5F71EFB0E6CD1650--56a3692c3733.json",
      "answer": "scene-scout/agent-files/answers/SWIN-722C5F71EFB0E6CD1650--56a3692c3733.json"
    },
    {
      "window_id": "SWIN-728E42C5FB7DD10AF8EA",
      "task": "scene-scout/agent-files/tasks/SWIN-728E42C5FB7DD10AF8EA--4b3d643b7f0a.json",
      "answer": "scene-scout/agent-files/answers/SWIN-728E42C5FB7DD10AF8EA--4b3d643b7f0a.json"
    },
    {
      "window_id": "SWIN-729D588554BEAC804F51",
      "task": "scene-scout/agent-files/tasks/SWIN-729D588554BEAC804F51--8d359b2917e2.json",
      "answer": "scene-scout/agent-files/answers/SWIN-729D588554BEAC804F51--8d359b2917e2.json"
    },
    {
      "window_id": "SWIN-73B8FFDEAA350115F8B8",
      "task": "scene-scout/agent-files/tasks/SWIN-73B8FFDEAA350115F8B8--27b1dc8ff160.json",
      "answer": "scene-scout/agent-files/answers/SWIN-73B8FFDEAA350115F8B8--27b1dc8ff160.json"
    },
    {
      "window_id": "SWIN-74EA53718ECC20BC6B8F",
      "task": "scene-scout/agent-files/tasks/SWIN-74EA53718ECC20BC6B8F--4e7a0074260b.json",
      "answer": "scene-scout/agent-files/answers/SWIN-74EA53718ECC20BC6B8F--4e7a0074260b.json"
    },
    {
      "window_id": "SWIN-75AF79AFD0F93D8F8FB7",
      "task": "scene-scout/agent-files/tasks/SWIN-75AF79AFD0F93D8F8FB7--b5e41a129ae1.json",
      "answer": "scene-scout/agent-files/answers/SWIN-75AF79AFD0F93D8F8FB7--b5e41a129ae1.json"
    },
    {
      "window_id": "SWIN-75EA0A7DD7E35355CA23",
      "task": "scene-scout/agent-files/tasks/SWIN-75EA0A7DD7E35355CA23--ebe91e95b5fd.json",
      "answer": "scene-scout/agent-files/answers/SWIN-75EA0A7DD7E35355CA23--ebe91e95b5fd.json"
    },
    {
      "window_id": "SWIN-76F0E6C83FB756C2A7C2",
      "task": "scene-scout/agent-files/tasks/SWIN-76F0E6C83FB756C2A7C2--b764842c2d14.json",
      "answer": "scene-scout/agent-files/answers/SWIN-76F0E6C83FB756C2A7C2--b764842c2d14.json"
    },
    {
      "window_id": "SWIN-77791F01954545F404D6",
      "task": "scene-scout/agent-files/tasks/SWIN-77791F01954545F404D6--d88b699f536c.json",
      "answer": "scene-scout/agent-files/answers/SWIN-77791F01954545F404D6--d88b699f536c.json"
    },
    {
      "window_id": "SWIN-77FFED00031DB5BFDC37",
      "task": "scene-scout/agent-files/tasks/SWIN-77FFED00031DB5BFDC37--8f0311e2b7cf.json",
      "answer": "scene-scout/agent-files/answers/SWIN-77FFED00031DB5BFDC37--8f0311e2b7cf.json"
    },
    {
      "window_id": "SWIN-7815057A9B55DD506BBA",
      "task": "scene-scout/agent-files/tasks/SWIN-7815057A9B55DD506BBA--f9bc0ac21359.json",
      "answer": "scene-scout/agent-files/answers/SWIN-7815057A9B55DD506BBA--f9bc0ac21359.json"
    },
    {
      "window_id": "SWIN-784CF5491F5AADFAFB78",
      "task": "scene-scout/agent-files/tasks/SWIN-784CF5491F5AADFAFB78--4a554ba997df.json",
      "answer": "scene-scout/agent-files/answers/SWIN-784CF5491F5AADFAFB78--4a554ba997df.json"
    },
    {
      "window_id": "SWIN-7884C2DEDBBCD0380308",
      "task": "scene-scout/agent-files/tasks/SWIN-7884C2DEDBBCD0380308--88bc8fe2cea6.json",
      "answer": "scene-scout/agent-files/answers/SWIN-7884C2DEDBBCD0380308--88bc8fe2cea6.json"
    },
    {
      "window_id": "SWIN-78F159FF8DDA8FDC8D2E",
      "task": "scene-scout/agent-files/tasks/SWIN-78F159FF8DDA8FDC8D2E--babe25b0f1f1.json",
      "answer": "scene-scout/agent-files/answers/SWIN-78F159FF8DDA8FDC8D2E--babe25b0f1f1.json"
    },
    {
      "window_id": "SWIN-7983263B0E975EF2A962",
      "task": "scene-scout/agent-files/tasks/SWIN-7983263B0E975EF2A962--7732bfb80294.json",
      "answer": "scene-scout/agent-files/answers/SWIN-7983263B0E975EF2A962--7732bfb80294.json"
    },
    {
      "window_id": "SWIN-7ABD00DAF0C28BB08ACB",
      "task": "scene-scout/agent-files/tasks/SWIN-7ABD00DAF0C28BB08ACB--bfa772076a40.json",
      "answer": "scene-scout/agent-files/answers/SWIN-7ABD00DAF0C28BB08ACB--bfa772076a40.json"
    },
    {
      "window_id": "SWIN-7B9EFB644BDDD8B28066",
      "task": "scene-scout/agent-files/tasks/SWIN-7B9EFB644BDDD8B28066--9d890611677f.json",
      "answer": "scene-scout/agent-files/answers/SWIN-7B9EFB644BDDD8B28066--9d890611677f.json"
    },
    {
      "window_id": "SWIN-7BFCE360C929C0D85450",
      "task": "scene-scout/agent-files/tasks/SWIN-7BFCE360C929C0D85450--c1e9eed9e161.json",
      "answer": "scene-scout/agent-files/answers/SWIN-7BFCE360C929C0D85450--c1e9eed9e161.json"
    },
    {
      "window_id": "SWIN-7C52828C35B597FE5BF4",
      "task": "scene-scout/agent-files/tasks/SWIN-7C52828C35B597FE5BF4--7c1574174696.json",
      "answer": "scene-scout/agent-files/answers/SWIN-7C52828C35B597FE5BF4--7c1574174696.json"
    },
    {
      "window_id": "SWIN-7C819976A55F0BCFA3AE",
      "task": "scene-scout/agent-files/tasks/SWIN-7C819976A55F0BCFA3AE--17f3a9c1b4b8.json",
      "answer": "scene-scout/agent-files/answers/SWIN-7C819976A55F0BCFA3AE--17f3a9c1b4b8.json"
    },
    {
      "window_id": "SWIN-7D01D5F9E6E0FD88EF83",
      "task": "scene-scout/agent-files/tasks/SWIN-7D01D5F9E6E0FD88EF83--3029d05c2ff7.json",
      "answer": "scene-scout/agent-files/answers/SWIN-7D01D5F9E6E0FD88EF83--3029d05c2ff7.json"
    },
    {
      "window_id": "SWIN-7D8C6B00E950CD545A91",
      "task": "scene-scout/agent-files/tasks/SWIN-7D8C6B00E950CD545A91--d5017c353d1e.json",
      "answer": "scene-scout/agent-files/answers/SWIN-7D8C6B00E950CD545A91--d5017c353d1e.json"
    },
    {
      "window_id": "SWIN-7E3DE30F47EAD34115A1",
      "task": "scene-scout/agent-files/tasks/SWIN-7E3DE30F47EAD34115A1--805167c72f85.json",
      "answer": "scene-scout/agent-files/answers/SWIN-7E3DE30F47EAD34115A1--805167c72f85.json"
    },
    {
      "window_id": "SWIN-7EEC09E2D505D052EA6A",
      "task": "scene-scout/agent-files/tasks/SWIN-7EEC09E2D505D052EA6A--ed31cbaadbf2.json",
      "answer": "scene-scout/agent-files/answers/SWIN-7EEC09E2D505D052EA6A--ed31cbaadbf2.json"
    },
    {
      "window_id": "SWIN-7FD3B2E183A8598D9C22",
      "task": "scene-scout/agent-files/tasks/SWIN-7FD3B2E183A8598D9C22--b9636a5bf768.json",
      "answer": "scene-scout/agent-files/answers/SWIN-7FD3B2E183A8598D9C22--b9636a5bf768.json"
    },
    {
      "window_id": "SWIN-803C82FBD7CE9C483782",
      "task": "scene-scout/agent-files/tasks/SWIN-803C82FBD7CE9C483782--85ed70b8ca86.json",
      "answer": "scene-scout/agent-files/answers/SWIN-803C82FBD7CE9C483782--85ed70b8ca86.json"
    },
    {
      "window_id": "SWIN-809EF5CE2493A676EB23",
      "task": "scene-scout/agent-files/tasks/SWIN-809EF5CE2493A676EB23--90bc1399614e.json",
      "answer": "scene-scout/agent-files/answers/SWIN-809EF5CE2493A676EB23--90bc1399614e.json"
    },
    {
      "window_id": "SWIN-80C57C8AA510BBCDB730",
      "task": "scene-scout/agent-files/tasks/SWIN-80C57C8AA510BBCDB730--263ee55644e5.json",
      "answer": "scene-scout/agent-files/answers/SWIN-80C57C8AA510BBCDB730--263ee55644e5.json"
    },
    {
      "window_id": "SWIN-810227A1FF57405134EE",
      "task": "scene-scout/agent-files/tasks/SWIN-810227A1FF57405134EE--b254543a337c.json",
      "answer": "scene-scout/agent-files/answers/SWIN-810227A1FF57405134EE--b254543a337c.json"
    },
    {
      "window_id": "SWIN-8116320DFBC33D75A859",
      "task": "scene-scout/agent-files/tasks/SWIN-8116320DFBC33D75A859--d680a00e8815.json",
      "answer": "scene-scout/agent-files/answers/SWIN-8116320DFBC33D75A859--d680a00e8815.json"
    },
    {
      "window_id": "SWIN-817A56FA3F9B44D8B16B",
      "task": "scene-scout/agent-files/tasks/SWIN-817A56FA3F9B44D8B16B--ae5deb8801b5.json",
      "answer": "scene-scout/agent-files/answers/SWIN-817A56FA3F9B44D8B16B--ae5deb8801b5.json"
    },
    {
      "window_id": "SWIN-81D6711298520E5E1C59",
      "task": "scene-scout/agent-files/tasks/SWIN-81D6711298520E5E1C59--fcfdc596759a.json",
      "answer": "scene-scout/agent-files/answers/SWIN-81D6711298520E5E1C59--fcfdc596759a.json"
    },
    {
      "window_id": "SWIN-829CE9E7334C3CDE6E71",
      "task": "scene-scout/agent-files/tasks/SWIN-829CE9E7334C3CDE6E71--d59f2248f14e.json",
      "answer": "scene-scout/agent-files/answers/SWIN-829CE9E7334C3CDE6E71--d59f2248f14e.json"
    },
    {
      "window_id": "SWIN-83B6F113159884C8E4BD",
      "task": "scene-scout/agent-files/tasks/SWIN-83B6F113159884C8E4BD--188853a30749.json",
      "answer": "scene-scout/agent-files/answers/SWIN-83B6F113159884C8E4BD--188853a30749.json"
    },
    {
      "window_id": "SWIN-83F3A687CF05729A40F2",
      "task": "scene-scout/agent-files/tasks/SWIN-83F3A687CF05729A40F2--189127e6b5dc.json",
      "answer": "scene-scout/agent-files/answers/SWIN-83F3A687CF05729A40F2--189127e6b5dc.json"
    },
    {
      "window_id": "SWIN-83FBAD10B2447B0A4631",
      "task": "scene-scout/agent-files/tasks/SWIN-83FBAD10B2447B0A4631--b1747d533631.json",
      "answer": "scene-scout/agent-files/answers/SWIN-83FBAD10B2447B0A4631--b1747d533631.json"
    },
    {
      "window_id": "SWIN-842589B8202806148B46",
      "task": "scene-scout/agent-files/tasks/SWIN-842589B8202806148B46--6613894c631b.json",
      "answer": "scene-scout/agent-files/answers/SWIN-842589B8202806148B46--6613894c631b.json"
    },
    {
      "window_id": "SWIN-84B758F671C356933A28",
      "task": "scene-scout/agent-files/tasks/SWIN-84B758F671C356933A28--21db4ea85559.json",
      "answer": "scene-scout/agent-files/answers/SWIN-84B758F671C356933A28--21db4ea85559.json"
    },
    {
      "window_id": "SWIN-8532AD1AD98571446484",
      "task": "scene-scout/agent-files/tasks/SWIN-8532AD1AD98571446484--d5489f7dfed6.json",
      "answer": "scene-scout/agent-files/answers/SWIN-8532AD1AD98571446484--d5489f7dfed6.json"
    },
    {
      "window_id": "SWIN-8570E85F1C75E58AFA00",
      "task": "scene-scout/agent-files/tasks/SWIN-8570E85F1C75E58AFA00--4cb2838beece.json",
      "answer": "scene-scout/agent-files/answers/SWIN-8570E85F1C75E58AFA00--4cb2838beece.json"
    },
    {
      "window_id": "SWIN-85CA02A4BAA7A6305B38",
      "task": "scene-scout/agent-files/tasks/SWIN-85CA02A4BAA7A6305B38--84121e732f20.json",
      "answer": "scene-scout/agent-files/answers/SWIN-85CA02A4BAA7A6305B38--84121e732f20.json"
    },
    {
      "window_id": "SWIN-8636BD651DD2845A893A",
      "task": "scene-scout/agent-files/tasks/SWIN-8636BD651DD2845A893A--8d489195df9c.json",
      "answer": "scene-scout/agent-files/answers/SWIN-8636BD651DD2845A893A--8d489195df9c.json"
    },
    {
      "window_id": "SWIN-868A5774AFED5B431842",
      "task": "scene-scout/agent-files/tasks/SWIN-868A5774AFED5B431842--7edc3fa7a52f.json",
      "answer": "scene-scout/agent-files/answers/SWIN-868A5774AFED5B431842--7edc3fa7a52f.json"
    },
    {
      "window_id": "SWIN-86BFC9CE0E8FFE0651B8",
      "task": "scene-scout/agent-files/tasks/SWIN-86BFC9CE0E8FFE0651B8--cfeb5fa79c87.json",
      "answer": "scene-scout/agent-files/answers/SWIN-86BFC9CE0E8FFE0651B8--cfeb5fa79c87.json"
    },
    {
      "window_id": "SWIN-870461FFAE39374C5D9F",
      "task": "scene-scout/agent-files/tasks/SWIN-870461FFAE39374C5D9F--27f40aeb638f.json",
      "answer": "scene-scout/agent-files/answers/SWIN-870461FFAE39374C5D9F--27f40aeb638f.json"
    },
    {
      "window_id": "SWIN-87D103B404AEF5DBF568",
      "task": "scene-scout/agent-files/tasks/SWIN-87D103B404AEF5DBF568--d36c9bca989b.json",
      "answer": "scene-scout/agent-files/answers/SWIN-87D103B404AEF5DBF568--d36c9bca989b.json"
    },
    {
      "window_id": "SWIN-88298D038C04D79694E9",
      "task": "scene-scout/agent-files/tasks/SWIN-88298D038C04D79694E9--6c74700d5d7c.json",
      "answer": "scene-scout/agent-files/answers/SWIN-88298D038C04D79694E9--6c74700d5d7c.json"
    },
    {
      "window_id": "SWIN-88A806A39BD01490E581",
      "task": "scene-scout/agent-files/tasks/SWIN-88A806A39BD01490E581--6245a6f60ebe.json",
      "answer": "scene-scout/agent-files/answers/SWIN-88A806A39BD01490E581--6245a6f60ebe.json"
    },
    {
      "window_id": "SWIN-899F6D9D55615FDD7654",
      "task": "scene-scout/agent-files/tasks/SWIN-899F6D9D55615FDD7654--7f29fc749d03.json",
      "answer": "scene-scout/agent-files/answers/SWIN-899F6D9D55615FDD7654--7f29fc749d03.json"
    },
    {
      "window_id": "SWIN-8A0BF077A88C8EFAF93A",
      "task": "scene-scout/agent-files/tasks/SWIN-8A0BF077A88C8EFAF93A--182b1923e476.json",
      "answer": "scene-scout/agent-files/answers/SWIN-8A0BF077A88C8EFAF93A--182b1923e476.json"
    },
    {
      "window_id": "SWIN-8A5FB91685F9B5F3931E",
      "task": "scene-scout/agent-files/tasks/SWIN-8A5FB91685F9B5F3931E--83b86d1d720f.json",
      "answer": "scene-scout/agent-files/answers/SWIN-8A5FB91685F9B5F3931E--83b86d1d720f.json"
    },
    {
      "window_id": "SWIN-8A6CC4618C899087D5BE",
      "task": "scene-scout/agent-files/tasks/SWIN-8A6CC4618C899087D5BE--b73b51eabbea.json",
      "answer": "scene-scout/agent-files/answers/SWIN-8A6CC4618C899087D5BE--b73b51eabbea.json"
    },
    {
      "window_id": "SWIN-8A8467F3FB694CD9002E",
      "task": "scene-scout/agent-files/tasks/SWIN-8A8467F3FB694CD9002E--ce346b88d811.json",
      "answer": "scene-scout/agent-files/answers/SWIN-8A8467F3FB694CD9002E--ce346b88d811.json"
    },
    {
      "window_id": "SWIN-8B358DEF454F2AB7B0AE",
      "task": "scene-scout/agent-files/tasks/SWIN-8B358DEF454F2AB7B0AE--374ceca70897.json",
      "answer": "scene-scout/agent-files/answers/SWIN-8B358DEF454F2AB7B0AE--374ceca70897.json"
    },
    {
      "window_id": "SWIN-8B6158FE3C57009FDD3D",
      "task": "scene-scout/agent-files/tasks/SWIN-8B6158FE3C57009FDD3D--7d85cc0a2077.json",
      "answer": "scene-scout/agent-files/answers/SWIN-8B6158FE3C57009FDD3D--7d85cc0a2077.json"
    },
    {
      "window_id": "SWIN-8BE9127F20A645DF6B92",
      "task": "scene-scout/agent-files/tasks/SWIN-8BE9127F20A645DF6B92--f95f9cab5c5e.json",
      "answer": "scene-scout/agent-files/answers/SWIN-8BE9127F20A645DF6B92--f95f9cab5c5e.json"
    },
    {
      "window_id": "SWIN-8C2D003365FA201B0324",
      "task": "scene-scout/agent-files/tasks/SWIN-8C2D003365FA201B0324--378ed376c027.json",
      "answer": "scene-scout/agent-files/answers/SWIN-8C2D003365FA201B0324--378ed376c027.json"
    },
    {
      "window_id": "SWIN-8CC7D2CF380D3079C7FC",
      "task": "scene-scout/agent-files/tasks/SWIN-8CC7D2CF380D3079C7FC--df14d7b2df0f.json",
      "answer": "scene-scout/agent-files/answers/SWIN-8CC7D2CF380D3079C7FC--df14d7b2df0f.json"
    },
    {
      "window_id": "SWIN-8D8AD2FFEE2E552D3226",
      "task": "scene-scout/agent-files/tasks/SWIN-8D8AD2FFEE2E552D3226--d20f01f8d9cd.json",
      "answer": "scene-scout/agent-files/answers/SWIN-8D8AD2FFEE2E552D3226--d20f01f8d9cd.json"
    },
    {
      "window_id": "SWIN-8DB7EA9D706011D3FC8F",
      "task": "scene-scout/agent-files/tasks/SWIN-8DB7EA9D706011D3FC8F--75289d162776.json",
      "answer": "scene-scout/agent-files/answers/SWIN-8DB7EA9D706011D3FC8F--75289d162776.json"
    },
    {
      "window_id": "SWIN-8DCE7DE839F7D1B78AEF",
      "task": "scene-scout/agent-files/tasks/SWIN-8DCE7DE839F7D1B78AEF--5c83f9a278c2.json",
      "answer": "scene-scout/agent-files/answers/SWIN-8DCE7DE839F7D1B78AEF--5c83f9a278c2.json"
    },
    {
      "window_id": "SWIN-8E10535494B904EDC78A",
      "task": "scene-scout/agent-files/tasks/SWIN-8E10535494B904EDC78A--843760f79a22.json",
      "answer": "scene-scout/agent-files/answers/SWIN-8E10535494B904EDC78A--843760f79a22.json"
    },
    {
      "window_id": "SWIN-8F5E9A538E529E1D5D77",
      "task": "scene-scout/agent-files/tasks/SWIN-8F5E9A538E529E1D5D77--8967fe260faf.json",
      "answer": "scene-scout/agent-files/answers/SWIN-8F5E9A538E529E1D5D77--8967fe260faf.json"
    },
    {
      "window_id": "SWIN-8FB30FA9FF6A8AD5A4B3",
      "task": "scene-scout/agent-files/tasks/SWIN-8FB30FA9FF6A8AD5A4B3--95e996d7c1f1.json",
      "answer": "scene-scout/agent-files/answers/SWIN-8FB30FA9FF6A8AD5A4B3--95e996d7c1f1.json"
    },
    {
      "window_id": "SWIN-90AB1EF21B5B5A0901A8",
      "task": "scene-scout/agent-files/tasks/SWIN-90AB1EF21B5B5A0901A8--0d8f68723385.json",
      "answer": "scene-scout/agent-files/answers/SWIN-90AB1EF21B5B5A0901A8--0d8f68723385.json"
    },
    {
      "window_id": "SWIN-914FA0C1E7C2A25BDE1E",
      "task": "scene-scout/agent-files/tasks/SWIN-914FA0C1E7C2A25BDE1E--606512782005.json",
      "answer": "scene-scout/agent-files/answers/SWIN-914FA0C1E7C2A25BDE1E--606512782005.json"
    },
    {
      "window_id": "SWIN-91BBEDA24080FFFC5CE1",
      "task": "scene-scout/agent-files/tasks/SWIN-91BBEDA24080FFFC5CE1--d4c80db0ef32.json",
      "answer": "scene-scout/agent-files/answers/SWIN-91BBEDA24080FFFC5CE1--d4c80db0ef32.json"
    },
    {
      "window_id": "SWIN-91C84129DA110C9B04BF",
      "task": "scene-scout/agent-files/tasks/SWIN-91C84129DA110C9B04BF--099a8b73091e.json",
      "answer": "scene-scout/agent-files/answers/SWIN-91C84129DA110C9B04BF--099a8b73091e.json"
    },
    {
      "window_id": "SWIN-923F7BA56D8401FBF990",
      "task": "scene-scout/agent-files/tasks/SWIN-923F7BA56D8401FBF990--4b8f7a789c88.json",
      "answer": "scene-scout/agent-files/answers/SWIN-923F7BA56D8401FBF990--4b8f7a789c88.json"
    },
    {
      "window_id": "SWIN-92EB9BE6738C5FEF80FA",
      "task": "scene-scout/agent-files/tasks/SWIN-92EB9BE6738C5FEF80FA--c3b13cbd0f73.json",
      "answer": "scene-scout/agent-files/answers/SWIN-92EB9BE6738C5FEF80FA--c3b13cbd0f73.json"
    },
    {
      "window_id": "SWIN-93DC0224BDD3CBB89BE9",
      "task": "scene-scout/agent-files/tasks/SWIN-93DC0224BDD3CBB89BE9--4a950d0e9137.json",
      "answer": "scene-scout/agent-files/answers/SWIN-93DC0224BDD3CBB89BE9--4a950d0e9137.json"
    },
    {
      "window_id": "SWIN-93F5F1D35CA36198F038",
      "task": "scene-scout/agent-files/tasks/SWIN-93F5F1D35CA36198F038--fe5a4386bbcb.json",
      "answer": "scene-scout/agent-files/answers/SWIN-93F5F1D35CA36198F038--fe5a4386bbcb.json"
    },
    {
      "window_id": "SWIN-944A9CAD7D501DC28F2B",
      "task": "scene-scout/agent-files/tasks/SWIN-944A9CAD7D501DC28F2B--f1ae695c608f.json",
      "answer": "scene-scout/agent-files/answers/SWIN-944A9CAD7D501DC28F2B--f1ae695c608f.json"
    },
    {
      "window_id": "SWIN-945041AC3B91C68CC680",
      "task": "scene-scout/agent-files/tasks/SWIN-945041AC3B91C68CC680--6b387abccf3e.json",
      "answer": "scene-scout/agent-files/answers/SWIN-945041AC3B91C68CC680--6b387abccf3e.json"
    },
    {
      "window_id": "SWIN-9498A006B49898CD88CF",
      "task": "scene-scout/agent-files/tasks/SWIN-9498A006B49898CD88CF--7258d4e04551.json",
      "answer": "scene-scout/agent-files/answers/SWIN-9498A006B49898CD88CF--7258d4e04551.json"
    },
    {
      "window_id": "SWIN-94CB850C265F794E1BCE",
      "task": "scene-scout/agent-files/tasks/SWIN-94CB850C265F794E1BCE--d0cb4c77970c.json",
      "answer": "scene-scout/agent-files/answers/SWIN-94CB850C265F794E1BCE--d0cb4c77970c.json"
    },
    {
      "window_id": "SWIN-956CAF965889BA3DF3A1",
      "task": "scene-scout/agent-files/tasks/SWIN-956CAF965889BA3DF3A1--faf318d06b57.json",
      "answer": "scene-scout/agent-files/answers/SWIN-956CAF965889BA3DF3A1--faf318d06b57.json"
    },
    {
      "window_id": "SWIN-95755D728358DCD21D11",
      "task": "scene-scout/agent-files/tasks/SWIN-95755D728358DCD21D11--7337d43ef4ec.json",
      "answer": "scene-scout/agent-files/answers/SWIN-95755D728358DCD21D11--7337d43ef4ec.json"
    },
    {
      "window_id": "SWIN-95B447D50F16409480A5",
      "task": "scene-scout/agent-files/tasks/SWIN-95B447D50F16409480A5--ebebaf47dd37.json",
      "answer": "scene-scout/agent-files/answers/SWIN-95B447D50F16409480A5--ebebaf47dd37.json"
    },
    {
      "window_id": "SWIN-96A61179AF9A9B6A4271",
      "task": "scene-scout/agent-files/tasks/SWIN-96A61179AF9A9B6A4271--ca17cfa290a1.json",
      "answer": "scene-scout/agent-files/answers/SWIN-96A61179AF9A9B6A4271--ca17cfa290a1.json"
    },
    {
      "window_id": "SWIN-96D0A72D0D38D3D4D1F5",
      "task": "scene-scout/agent-files/tasks/SWIN-96D0A72D0D38D3D4D1F5--8a12897ea07c.json",
      "answer": "scene-scout/agent-files/answers/SWIN-96D0A72D0D38D3D4D1F5--8a12897ea07c.json"
    },
    {
      "window_id": "SWIN-96E7C0FA664A47581178",
      "task": "scene-scout/agent-files/tasks/SWIN-96E7C0FA664A47581178--642ed35f67b7.json",
      "answer": "scene-scout/agent-files/answers/SWIN-96E7C0FA664A47581178--642ed35f67b7.json"
    },
    {
      "window_id": "SWIN-970AF6F0BA836A728E8D",
      "task": "scene-scout/agent-files/tasks/SWIN-970AF6F0BA836A728E8D--bbaf50ec00db.json",
      "answer": "scene-scout/agent-files/answers/SWIN-970AF6F0BA836A728E8D--bbaf50ec00db.json"
    },
    {
      "window_id": "SWIN-97A54273FD5C27CD191F",
      "task": "scene-scout/agent-files/tasks/SWIN-97A54273FD5C27CD191F--15df2dd82faa.json",
      "answer": "scene-scout/agent-files/answers/SWIN-97A54273FD5C27CD191F--15df2dd82faa.json"
    },
    {
      "window_id": "SWIN-97AD2F289A020C5F36D5",
      "task": "scene-scout/agent-files/tasks/SWIN-97AD2F289A020C5F36D5--6df8a321440f.json",
      "answer": "scene-scout/agent-files/answers/SWIN-97AD2F289A020C5F36D5--6df8a321440f.json"
    },
    {
      "window_id": "SWIN-97BDBD217D9AF6C958B9",
      "task": "scene-scout/agent-files/tasks/SWIN-97BDBD217D9AF6C958B9--b889c9cccb29.json",
      "answer": "scene-scout/agent-files/answers/SWIN-97BDBD217D9AF6C958B9--b889c9cccb29.json"
    },
    {
      "window_id": "SWIN-98AB7041EF58AD6667E0",
      "task": "scene-scout/agent-files/tasks/SWIN-98AB7041EF58AD6667E0--74a479e6c279.json",
      "answer": "scene-scout/agent-files/answers/SWIN-98AB7041EF58AD6667E0--74a479e6c279.json"
    },
    {
      "window_id": "SWIN-98D7C7F9A3C42A4157DB",
      "task": "scene-scout/agent-files/tasks/SWIN-98D7C7F9A3C42A4157DB--177ed46ecdcb.json",
      "answer": "scene-scout/agent-files/answers/SWIN-98D7C7F9A3C42A4157DB--177ed46ecdcb.json"
    },
    {
      "window_id": "SWIN-990F8DE865F8EAA477FC",
      "task": "scene-scout/agent-files/tasks/SWIN-990F8DE865F8EAA477FC--5fce67093ca1.json",
      "answer": "scene-scout/agent-files/answers/SWIN-990F8DE865F8EAA477FC--5fce67093ca1.json"
    },
    {
      "window_id": "SWIN-993C02F2BC1F654FD54F",
      "task": "scene-scout/agent-files/tasks/SWIN-993C02F2BC1F654FD54F--f880ccc731b8.json",
      "answer": "scene-scout/agent-files/answers/SWIN-993C02F2BC1F654FD54F--f880ccc731b8.json"
    },
    {
      "window_id": "SWIN-99ACA145B658C0360036",
      "task": "scene-scout/agent-files/tasks/SWIN-99ACA145B658C0360036--cf05e2025159.json",
      "answer": "scene-scout/agent-files/answers/SWIN-99ACA145B658C0360036--cf05e2025159.json"
    },
    {
      "window_id": "SWIN-9A21A493246E0B955AF5",
      "task": "scene-scout/agent-files/tasks/SWIN-9A21A493246E0B955AF5--2f4aab0da170.json",
      "answer": "scene-scout/agent-files/answers/SWIN-9A21A493246E0B955AF5--2f4aab0da170.json"
    },
    {
      "window_id": "SWIN-9A7C88B9A6967E4B4EA9",
      "task": "scene-scout/agent-files/tasks/SWIN-9A7C88B9A6967E4B4EA9--b72fffd438c2.json",
      "answer": "scene-scout/agent-files/answers/SWIN-9A7C88B9A6967E4B4EA9--b72fffd438c2.json"
    },
    {
      "window_id": "SWIN-9A8F4F21560E6256E62E",
      "task": "scene-scout/agent-files/tasks/SWIN-9A8F4F21560E6256E62E--9b374fec6110.json",
      "answer": "scene-scout/agent-files/answers/SWIN-9A8F4F21560E6256E62E--9b374fec6110.json"
    },
    {
      "window_id": "SWIN-9B61FBCDB7DB26F22C59",
      "task": "scene-scout/agent-files/tasks/SWIN-9B61FBCDB7DB26F22C59--9930489e7502.json",
      "answer": "scene-scout/agent-files/answers/SWIN-9B61FBCDB7DB26F22C59--9930489e7502.json"
    },
    {
      "window_id": "SWIN-9B76987C40801EF5B004",
      "task": "scene-scout/agent-files/tasks/SWIN-9B76987C40801EF5B004--503e2f25c388.json",
      "answer": "scene-scout/agent-files/answers/SWIN-9B76987C40801EF5B004--503e2f25c388.json"
    },
    {
      "window_id": "SWIN-9BEDE573E9C2EE23C4D4",
      "task": "scene-scout/agent-files/tasks/SWIN-9BEDE573E9C2EE23C4D4--8101ebbced1b.json",
      "answer": "scene-scout/agent-files/answers/SWIN-9BEDE573E9C2EE23C4D4--8101ebbced1b.json"
    },
    {
      "window_id": "SWIN-9C4651E533D4652204A7",
      "task": "scene-scout/agent-files/tasks/SWIN-9C4651E533D4652204A7--c9af73c0c0f3.json",
      "answer": "scene-scout/agent-files/answers/SWIN-9C4651E533D4652204A7--c9af73c0c0f3.json"
    },
    {
      "window_id": "SWIN-9CD5BE4D5E2B1C2CEA4B",
      "task": "scene-scout/agent-files/tasks/SWIN-9CD5BE4D5E2B1C2CEA4B--3eeb40dc115d.json",
      "answer": "scene-scout/agent-files/answers/SWIN-9CD5BE4D5E2B1C2CEA4B--3eeb40dc115d.json"
    },
    {
      "window_id": "SWIN-9CD9E0DA5BFB3AF979F3",
      "task": "scene-scout/agent-files/tasks/SWIN-9CD9E0DA5BFB3AF979F3--56bd11a57500.json",
      "answer": "scene-scout/agent-files/answers/SWIN-9CD9E0DA5BFB3AF979F3--56bd11a57500.json"
    },
    {
      "window_id": "SWIN-9CFD194BAA07FF290953",
      "task": "scene-scout/agent-files/tasks/SWIN-9CFD194BAA07FF290953--995871adf555.json",
      "answer": "scene-scout/agent-files/answers/SWIN-9CFD194BAA07FF290953--995871adf555.json"
    },
    {
      "window_id": "SWIN-9D09CD8A4606DC1C730C",
      "task": "scene-scout/agent-files/tasks/SWIN-9D09CD8A4606DC1C730C--e7bde6346def.json",
      "answer": "scene-scout/agent-files/answers/SWIN-9D09CD8A4606DC1C730C--e7bde6346def.json"
    },
    {
      "window_id": "SWIN-9D4E575711AE86CC7144",
      "task": "scene-scout/agent-files/tasks/SWIN-9D4E575711AE86CC7144--b32da623f035.json",
      "answer": "scene-scout/agent-files/answers/SWIN-9D4E575711AE86CC7144--b32da623f035.json"
    },
    {
      "window_id": "SWIN-9D6C7EA9B9E4A62F5570",
      "task": "scene-scout/agent-files/tasks/SWIN-9D6C7EA9B9E4A62F5570--e5654069ac88.json",
      "answer": "scene-scout/agent-files/answers/SWIN-9D6C7EA9B9E4A62F5570--e5654069ac88.json"
    },
    {
      "window_id": "SWIN-9D9703B0AAF5A6D06383",
      "task": "scene-scout/agent-files/tasks/SWIN-9D9703B0AAF5A6D06383--0e03c12a56da.json",
      "answer": "scene-scout/agent-files/answers/SWIN-9D9703B0AAF5A6D06383--0e03c12a56da.json"
    },
    {
      "window_id": "SWIN-9EAF87A28EF5EE556C4D",
      "task": "scene-scout/agent-files/tasks/SWIN-9EAF87A28EF5EE556C4D--f49362911af9.json",
      "answer": "scene-scout/agent-files/answers/SWIN-9EAF87A28EF5EE556C4D--f49362911af9.json"
    },
    {
      "window_id": "SWIN-9FC89FE9FB8A2BD5789B",
      "task": "scene-scout/agent-files/tasks/SWIN-9FC89FE9FB8A2BD5789B--b2c8f432a104.json",
      "answer": "scene-scout/agent-files/answers/SWIN-9FC89FE9FB8A2BD5789B--b2c8f432a104.json"
    },
    {
      "window_id": "SWIN-A03595015096596BCA28",
      "task": "scene-scout/agent-files/tasks/SWIN-A03595015096596BCA28--471b9bc0033f.json",
      "answer": "scene-scout/agent-files/answers/SWIN-A03595015096596BCA28--471b9bc0033f.json"
    },
    {
      "window_id": "SWIN-A07E14BAF0DBA9BE454A",
      "task": "scene-scout/agent-files/tasks/SWIN-A07E14BAF0DBA9BE454A--ca4515fff910.json",
      "answer": "scene-scout/agent-files/answers/SWIN-A07E14BAF0DBA9BE454A--ca4515fff910.json"
    },
    {
      "window_id": "SWIN-A10775FFFE8D414E6E6D",
      "task": "scene-scout/agent-files/tasks/SWIN-A10775FFFE8D414E6E6D--60108253bbcb.json",
      "answer": "scene-scout/agent-files/answers/SWIN-A10775FFFE8D414E6E6D--60108253bbcb.json"
    },
    {
      "window_id": "SWIN-A198C0261C3B5651ADC6",
      "task": "scene-scout/agent-files/tasks/SWIN-A198C0261C3B5651ADC6--24ba4cd3e1f1.json",
      "answer": "scene-scout/agent-files/answers/SWIN-A198C0261C3B5651ADC6--24ba4cd3e1f1.json"
    },
    {
      "window_id": "SWIN-A1B3BECC249554346D20",
      "task": "scene-scout/agent-files/tasks/SWIN-A1B3BECC249554346D20--f45f19fa8038.json",
      "answer": "scene-scout/agent-files/answers/SWIN-A1B3BECC249554346D20--f45f19fa8038.json"
    },
    {
      "window_id": "SWIN-A3DC8EDC7306F7EB23C5",
      "task": "scene-scout/agent-files/tasks/SWIN-A3DC8EDC7306F7EB23C5--b696babcd7da.json",
      "answer": "scene-scout/agent-files/answers/SWIN-A3DC8EDC7306F7EB23C5--b696babcd7da.json"
    },
    {
      "window_id": "SWIN-A4435A476523E5B1F5A4",
      "task": "scene-scout/agent-files/tasks/SWIN-A4435A476523E5B1F5A4--5f80c65990b0.json",
      "answer": "scene-scout/agent-files/answers/SWIN-A4435A476523E5B1F5A4--5f80c65990b0.json"
    },
    {
      "window_id": "SWIN-A443B068E18F2868CD53",
      "task": "scene-scout/agent-files/tasks/SWIN-A443B068E18F2868CD53--2e5059bd9785.json",
      "answer": "scene-scout/agent-files/answers/SWIN-A443B068E18F2868CD53--2e5059bd9785.json"
    },
    {
      "window_id": "SWIN-A4F3B2DA14AA40FAAC6B",
      "task": "scene-scout/agent-files/tasks/SWIN-A4F3B2DA14AA40FAAC6B--031c16a6b685.json",
      "answer": "scene-scout/agent-files/answers/SWIN-A4F3B2DA14AA40FAAC6B--031c16a6b685.json"
    },
    {
      "window_id": "SWIN-A5ABFD0845A45643721C",
      "task": "scene-scout/agent-files/tasks/SWIN-A5ABFD0845A45643721C--be4ca5d5b133.json",
      "answer": "scene-scout/agent-files/answers/SWIN-A5ABFD0845A45643721C--be4ca5d5b133.json"
    },
    {
      "window_id": "SWIN-A5B1DC4DBA7DD419F5C5",
      "task": "scene-scout/agent-files/tasks/SWIN-A5B1DC4DBA7DD419F5C5--d5b843198b50.json",
      "answer": "scene-scout/agent-files/answers/SWIN-A5B1DC4DBA7DD419F5C5--d5b843198b50.json"
    },
    {
      "window_id": "SWIN-A5D8D49D18354695604F",
      "task": "scene-scout/agent-files/tasks/SWIN-A5D8D49D18354695604F--2461c1cf58a0.json",
      "answer": "scene-scout/agent-files/answers/SWIN-A5D8D49D18354695604F--2461c1cf58a0.json"
    },
    {
      "window_id": "SWIN-A5DF0D34027CF1C58C5C",
      "task": "scene-scout/agent-files/tasks/SWIN-A5DF0D34027CF1C58C5C--088bede304ab.json",
      "answer": "scene-scout/agent-files/answers/SWIN-A5DF0D34027CF1C58C5C--088bede304ab.json"
    },
    {
      "window_id": "SWIN-A5F40027FBA184695F73",
      "task": "scene-scout/agent-files/tasks/SWIN-A5F40027FBA184695F73--ea0fb87b6f3c.json",
      "answer": "scene-scout/agent-files/answers/SWIN-A5F40027FBA184695F73--ea0fb87b6f3c.json"
    },
    {
      "window_id": "SWIN-A6022025D3636C16BD7C",
      "task": "scene-scout/agent-files/tasks/SWIN-A6022025D3636C16BD7C--fde807ea3d9a.json",
      "answer": "scene-scout/agent-files/answers/SWIN-A6022025D3636C16BD7C--fde807ea3d9a.json"
    },
    {
      "window_id": "SWIN-A620E042F1604796A052",
      "task": "scene-scout/agent-files/tasks/SWIN-A620E042F1604796A052--75d07a04c010.json",
      "answer": "scene-scout/agent-files/answers/SWIN-A620E042F1604796A052--75d07a04c010.json"
    },
    {
      "window_id": "SWIN-A63452350A2EA706981F",
      "task": "scene-scout/agent-files/tasks/SWIN-A63452350A2EA706981F--df07a106deea.json",
      "answer": "scene-scout/agent-files/answers/SWIN-A63452350A2EA706981F--df07a106deea.json"
    },
    {
      "window_id": "SWIN-A6D234EE238790F8D36C",
      "task": "scene-scout/agent-files/tasks/SWIN-A6D234EE238790F8D36C--0470d4e28786.json",
      "answer": "scene-scout/agent-files/answers/SWIN-A6D234EE238790F8D36C--0470d4e28786.json"
    },
    {
      "window_id": "SWIN-A7A8BEC41663D682025F",
      "task": "scene-scout/agent-files/tasks/SWIN-A7A8BEC41663D682025F--40cfad2faf30.json",
      "answer": "scene-scout/agent-files/answers/SWIN-A7A8BEC41663D682025F--40cfad2faf30.json"
    },
    {
      "window_id": "SWIN-A7B64FF81DE3B8534501",
      "task": "scene-scout/agent-files/tasks/SWIN-A7B64FF81DE3B8534501--94171e1b32e4.json",
      "answer": "scene-scout/agent-files/answers/SWIN-A7B64FF81DE3B8534501--94171e1b32e4.json"
    },
    {
      "window_id": "SWIN-A7BCAC74E6F316BB35F5",
      "task": "scene-scout/agent-files/tasks/SWIN-A7BCAC74E6F316BB35F5--b7218856a061.json",
      "answer": "scene-scout/agent-files/answers/SWIN-A7BCAC74E6F316BB35F5--b7218856a061.json"
    },
    {
      "window_id": "SWIN-A7E93DD5D5FFF1A33122",
      "task": "scene-scout/agent-files/tasks/SWIN-A7E93DD5D5FFF1A33122--38c36ea86c96.json",
      "answer": "scene-scout/agent-files/answers/SWIN-A7E93DD5D5FFF1A33122--38c36ea86c96.json"
    },
    {
      "window_id": "SWIN-A8A25400245C0313AA87",
      "task": "scene-scout/agent-files/tasks/SWIN-A8A25400245C0313AA87--4e9f78f565cf.json",
      "answer": "scene-scout/agent-files/answers/SWIN-A8A25400245C0313AA87--4e9f78f565cf.json"
    },
    {
      "window_id": "SWIN-A8F231863E51193A1FB3",
      "task": "scene-scout/agent-files/tasks/SWIN-A8F231863E51193A1FB3--0f91443c5c97.json",
      "answer": "scene-scout/agent-files/answers/SWIN-A8F231863E51193A1FB3--0f91443c5c97.json"
    },
    {
      "window_id": "SWIN-A937984F85145E39DA28",
      "task": "scene-scout/agent-files/tasks/SWIN-A937984F85145E39DA28--d9936541843f.json",
      "answer": "scene-scout/agent-files/answers/SWIN-A937984F85145E39DA28--d9936541843f.json"
    },
    {
      "window_id": "SWIN-A994E2508324E77DCB51",
      "task": "scene-scout/agent-files/tasks/SWIN-A994E2508324E77DCB51--2924c048fedb.json",
      "answer": "scene-scout/agent-files/answers/SWIN-A994E2508324E77DCB51--2924c048fedb.json"
    },
    {
      "window_id": "SWIN-AB0B9F4B1A18E592740E",
      "task": "scene-scout/agent-files/tasks/SWIN-AB0B9F4B1A18E592740E--56ddfeef8063.json",
      "answer": "scene-scout/agent-files/answers/SWIN-AB0B9F4B1A18E592740E--56ddfeef8063.json"
    },
    {
      "window_id": "SWIN-AB91B720625D3835A5DB",
      "task": "scene-scout/agent-files/tasks/SWIN-AB91B720625D3835A5DB--73a37e2a5ff7.json",
      "answer": "scene-scout/agent-files/answers/SWIN-AB91B720625D3835A5DB--73a37e2a5ff7.json"
    },
    {
      "window_id": "SWIN-ABD9E9377F64352A2288",
      "task": "scene-scout/agent-files/tasks/SWIN-ABD9E9377F64352A2288--e5536465169c.json",
      "answer": "scene-scout/agent-files/answers/SWIN-ABD9E9377F64352A2288--e5536465169c.json"
    },
    {
      "window_id": "SWIN-AC942A3D7E50E6A31F4B",
      "task": "scene-scout/agent-files/tasks/SWIN-AC942A3D7E50E6A31F4B--23148a121a1f.json",
      "answer": "scene-scout/agent-files/answers/SWIN-AC942A3D7E50E6A31F4B--23148a121a1f.json"
    },
    {
      "window_id": "SWIN-AD40FE093BA0CD0D49AA",
      "task": "scene-scout/agent-files/tasks/SWIN-AD40FE093BA0CD0D49AA--8cbd29aae6ef.json",
      "answer": "scene-scout/agent-files/answers/SWIN-AD40FE093BA0CD0D49AA--8cbd29aae6ef.json"
    },
    {
      "window_id": "SWIN-ADD51210E6ED67FB6FBE",
      "task": "scene-scout/agent-files/tasks/SWIN-ADD51210E6ED67FB6FBE--4a2d9f7b4f31.json",
      "answer": "scene-scout/agent-files/answers/SWIN-ADD51210E6ED67FB6FBE--4a2d9f7b4f31.json"
    },
    {
      "window_id": "SWIN-ADD5EE1F97F681F6EC4F",
      "task": "scene-scout/agent-files/tasks/SWIN-ADD5EE1F97F681F6EC4F--e49b34a1bb81.json",
      "answer": "scene-scout/agent-files/answers/SWIN-ADD5EE1F97F681F6EC4F--e49b34a1bb81.json"
    },
    {
      "window_id": "SWIN-AE08033F8508CE61AB53",
      "task": "scene-scout/agent-files/tasks/SWIN-AE08033F8508CE61AB53--f3b31537a847.json",
      "answer": "scene-scout/agent-files/answers/SWIN-AE08033F8508CE61AB53--f3b31537a847.json"
    },
    {
      "window_id": "SWIN-AE0C35D521BE4AFA6902",
      "task": "scene-scout/agent-files/tasks/SWIN-AE0C35D521BE4AFA6902--b259db77a2f0.json",
      "answer": "scene-scout/agent-files/answers/SWIN-AE0C35D521BE4AFA6902--b259db77a2f0.json"
    },
    {
      "window_id": "SWIN-AE675092842E1C39D567",
      "task": "scene-scout/agent-files/tasks/SWIN-AE675092842E1C39D567--90035200710b.json",
      "answer": "scene-scout/agent-files/answers/SWIN-AE675092842E1C39D567--90035200710b.json"
    },
    {
      "window_id": "SWIN-AEC42296403C743D5402",
      "task": "scene-scout/agent-files/tasks/SWIN-AEC42296403C743D5402--3e222bb98a52.json",
      "answer": "scene-scout/agent-files/answers/SWIN-AEC42296403C743D5402--3e222bb98a52.json"
    },
    {
      "window_id": "SWIN-AF248418DDC1E0EA7740",
      "task": "scene-scout/agent-files/tasks/SWIN-AF248418DDC1E0EA7740--7b1475e8c9c1.json",
      "answer": "scene-scout/agent-files/answers/SWIN-AF248418DDC1E0EA7740--7b1475e8c9c1.json"
    },
    {
      "window_id": "SWIN-AF4CAB81464EF57E49F8",
      "task": "scene-scout/agent-files/tasks/SWIN-AF4CAB81464EF57E49F8--a465e10227e8.json",
      "answer": "scene-scout/agent-files/answers/SWIN-AF4CAB81464EF57E49F8--a465e10227e8.json"
    },
    {
      "window_id": "SWIN-AF8D32900104E6D28770",
      "task": "scene-scout/agent-files/tasks/SWIN-AF8D32900104E6D28770--b12f4923937f.json",
      "answer": "scene-scout/agent-files/answers/SWIN-AF8D32900104E6D28770--b12f4923937f.json"
    },
    {
      "window_id": "SWIN-AF9CB38EA938702B8B76",
      "task": "scene-scout/agent-files/tasks/SWIN-AF9CB38EA938702B8B76--32c12d89ad0f.json",
      "answer": "scene-scout/agent-files/answers/SWIN-AF9CB38EA938702B8B76--32c12d89ad0f.json"
    },
    {
      "window_id": "SWIN-AFF03729AFA169759BFA",
      "task": "scene-scout/agent-files/tasks/SWIN-AFF03729AFA169759BFA--2b409fd29a28.json",
      "answer": "scene-scout/agent-files/answers/SWIN-AFF03729AFA169759BFA--2b409fd29a28.json"
    },
    {
      "window_id": "SWIN-B050BD6BD1CC201ED4F4",
      "task": "scene-scout/agent-files/tasks/SWIN-B050BD6BD1CC201ED4F4--e62251b77aa1.json",
      "answer": "scene-scout/agent-files/answers/SWIN-B050BD6BD1CC201ED4F4--e62251b77aa1.json"
    },
    {
      "window_id": "SWIN-B0647B0C12B0AAEC2B14",
      "task": "scene-scout/agent-files/tasks/SWIN-B0647B0C12B0AAEC2B14--d20a1bbb4943.json",
      "answer": "scene-scout/agent-files/answers/SWIN-B0647B0C12B0AAEC2B14--d20a1bbb4943.json"
    },
    {
      "window_id": "SWIN-B08B5DFB6B3193D1BA5C",
      "task": "scene-scout/agent-files/tasks/SWIN-B08B5DFB6B3193D1BA5C--19f2858d927e.json",
      "answer": "scene-scout/agent-files/answers/SWIN-B08B5DFB6B3193D1BA5C--19f2858d927e.json"
    },
    {
      "window_id": "SWIN-B126A9092F6C3451CFB3",
      "task": "scene-scout/agent-files/tasks/SWIN-B126A9092F6C3451CFB3--8b193a5699e1.json",
      "answer": "scene-scout/agent-files/answers/SWIN-B126A9092F6C3451CFB3--8b193a5699e1.json"
    },
    {
      "window_id": "SWIN-B1F375E590F07D41A703",
      "task": "scene-scout/agent-files/tasks/SWIN-B1F375E590F07D41A703--142e2160a2c6.json",
      "answer": "scene-scout/agent-files/answers/SWIN-B1F375E590F07D41A703--142e2160a2c6.json"
    },
    {
      "window_id": "SWIN-B21A99D420587D4B8F6D",
      "task": "scene-scout/agent-files/tasks/SWIN-B21A99D420587D4B8F6D--fbb1049c0af3.json",
      "answer": "scene-scout/agent-files/answers/SWIN-B21A99D420587D4B8F6D--fbb1049c0af3.json"
    },
    {
      "window_id": "SWIN-B240B45E1B4740C84DF5",
      "task": "scene-scout/agent-files/tasks/SWIN-B240B45E1B4740C84DF5--ffd7166ccac4.json",
      "answer": "scene-scout/agent-files/answers/SWIN-B240B45E1B4740C84DF5--ffd7166ccac4.json"
    },
    {
      "window_id": "SWIN-B2673D149D1BEEEDDCF1",
      "task": "scene-scout/agent-files/tasks/SWIN-B2673D149D1BEEEDDCF1--5d3af5f94607.json",
      "answer": "scene-scout/agent-files/answers/SWIN-B2673D149D1BEEEDDCF1--5d3af5f94607.json"
    },
    {
      "window_id": "SWIN-B3236C3801AF93199ECE",
      "task": "scene-scout/agent-files/tasks/SWIN-B3236C3801AF93199ECE--a3d14abd7406.json",
      "answer": "scene-scout/agent-files/answers/SWIN-B3236C3801AF93199ECE--a3d14abd7406.json"
    },
    {
      "window_id": "SWIN-B43463CF291C2CDB1A3E",
      "task": "scene-scout/agent-files/tasks/SWIN-B43463CF291C2CDB1A3E--36fa9256848b.json",
      "answer": "scene-scout/agent-files/answers/SWIN-B43463CF291C2CDB1A3E--36fa9256848b.json"
    },
    {
      "window_id": "SWIN-B472B92A6E731FF46DE1",
      "task": "scene-scout/agent-files/tasks/SWIN-B472B92A6E731FF46DE1--1dfab7e82dc7.json",
      "answer": "scene-scout/agent-files/answers/SWIN-B472B92A6E731FF46DE1--1dfab7e82dc7.json"
    },
    {
      "window_id": "SWIN-B48F33B59E7A1F2D3476",
      "task": "scene-scout/agent-files/tasks/SWIN-B48F33B59E7A1F2D3476--3fd5542282c1.json",
      "answer": "scene-scout/agent-files/answers/SWIN-B48F33B59E7A1F2D3476--3fd5542282c1.json"
    },
    {
      "window_id": "SWIN-B4BA2B637B6B229ABBD8",
      "task": "scene-scout/agent-files/tasks/SWIN-B4BA2B637B6B229ABBD8--de2550940831.json",
      "answer": "scene-scout/agent-files/answers/SWIN-B4BA2B637B6B229ABBD8--de2550940831.json"
    },
    {
      "window_id": "SWIN-B56A64FD0C7EFB5193DC",
      "task": "scene-scout/agent-files/tasks/SWIN-B56A64FD0C7EFB5193DC--0b191218a3b2.json",
      "answer": "scene-scout/agent-files/answers/SWIN-B56A64FD0C7EFB5193DC--0b191218a3b2.json"
    },
    {
      "window_id": "SWIN-B595666021454BDD359F",
      "task": "scene-scout/agent-files/tasks/SWIN-B595666021454BDD359F--4c54f39f14f7.json",
      "answer": "scene-scout/agent-files/answers/SWIN-B595666021454BDD359F--4c54f39f14f7.json"
    },
    {
      "window_id": "SWIN-B5C90078C48A66E98845",
      "task": "scene-scout/agent-files/tasks/SWIN-B5C90078C48A66E98845--6c963accf1a5.json",
      "answer": "scene-scout/agent-files/answers/SWIN-B5C90078C48A66E98845--6c963accf1a5.json"
    },
    {
      "window_id": "SWIN-B62CCE925462F76D22FE",
      "task": "scene-scout/agent-files/tasks/SWIN-B62CCE925462F76D22FE--c5149bb6c980.json",
      "answer": "scene-scout/agent-files/answers/SWIN-B62CCE925462F76D22FE--c5149bb6c980.json"
    },
    {
      "window_id": "SWIN-B65D8E111654DB59DDD4",
      "task": "scene-scout/agent-files/tasks/SWIN-B65D8E111654DB59DDD4--57d013489a12.json",
      "answer": "scene-scout/agent-files/answers/SWIN-B65D8E111654DB59DDD4--57d013489a12.json"
    },
    {
      "window_id": "SWIN-B7256214B937AAC33905",
      "task": "scene-scout/agent-files/tasks/SWIN-B7256214B937AAC33905--0ac25bca57d3.json",
      "answer": "scene-scout/agent-files/answers/SWIN-B7256214B937AAC33905--0ac25bca57d3.json"
    },
    {
      "window_id": "SWIN-B72E9E38D4F2E7EA9AFC",
      "task": "scene-scout/agent-files/tasks/SWIN-B72E9E38D4F2E7EA9AFC--b7471b96e3f9.json",
      "answer": "scene-scout/agent-files/answers/SWIN-B72E9E38D4F2E7EA9AFC--b7471b96e3f9.json"
    },
    {
      "window_id": "SWIN-B7338D9B6C36D161FCF7",
      "task": "scene-scout/agent-files/tasks/SWIN-B7338D9B6C36D161FCF7--fa8c5f7ef0d2.json",
      "answer": "scene-scout/agent-files/answers/SWIN-B7338D9B6C36D161FCF7--fa8c5f7ef0d2.json"
    },
    {
      "window_id": "SWIN-B7362AD053CD00536BC4",
      "task": "scene-scout/agent-files/tasks/SWIN-B7362AD053CD00536BC4--436f468a92a7.json",
      "answer": "scene-scout/agent-files/answers/SWIN-B7362AD053CD00536BC4--436f468a92a7.json"
    },
    {
      "window_id": "SWIN-B7E77253020687D8F605",
      "task": "scene-scout/agent-files/tasks/SWIN-B7E77253020687D8F605--aa1f7da3dce0.json",
      "answer": "scene-scout/agent-files/answers/SWIN-B7E77253020687D8F605--aa1f7da3dce0.json"
    },
    {
      "window_id": "SWIN-B7F25FD9DE9A62F91F0A",
      "task": "scene-scout/agent-files/tasks/SWIN-B7F25FD9DE9A62F91F0A--7b053f339392.json",
      "answer": "scene-scout/agent-files/answers/SWIN-B7F25FD9DE9A62F91F0A--7b053f339392.json"
    },
    {
      "window_id": "SWIN-B7F8284DB71A670D3477",
      "task": "scene-scout/agent-files/tasks/SWIN-B7F8284DB71A670D3477--1b716b9e0d5d.json",
      "answer": "scene-scout/agent-files/answers/SWIN-B7F8284DB71A670D3477--1b716b9e0d5d.json"
    },
    {
      "window_id": "SWIN-B822B6BAB208A7F562CB",
      "task": "scene-scout/agent-files/tasks/SWIN-B822B6BAB208A7F562CB--44457f0ef2e3.json",
      "answer": "scene-scout/agent-files/answers/SWIN-B822B6BAB208A7F562CB--44457f0ef2e3.json"
    },
    {
      "window_id": "SWIN-B8721F375A50964DA9E5",
      "task": "scene-scout/agent-files/tasks/SWIN-B8721F375A50964DA9E5--d17c4fa95ca3.json",
      "answer": "scene-scout/agent-files/answers/SWIN-B8721F375A50964DA9E5--d17c4fa95ca3.json"
    },
    {
      "window_id": "SWIN-B9DCCBFB9FBE987754BB",
      "task": "scene-scout/agent-files/tasks/SWIN-B9DCCBFB9FBE987754BB--68038a3b2e9e.json",
      "answer": "scene-scout/agent-files/answers/SWIN-B9DCCBFB9FBE987754BB--68038a3b2e9e.json"
    },
    {
      "window_id": "SWIN-B9F5047567A13E57CE5A",
      "task": "scene-scout/agent-files/tasks/SWIN-B9F5047567A13E57CE5A--49f2654424aa.json",
      "answer": "scene-scout/agent-files/answers/SWIN-B9F5047567A13E57CE5A--49f2654424aa.json"
    },
    {
      "window_id": "SWIN-BA4923A789C614FC28F8",
      "task": "scene-scout/agent-files/tasks/SWIN-BA4923A789C614FC28F8--3abf1fbb9e68.json",
      "answer": "scene-scout/agent-files/answers/SWIN-BA4923A789C614FC28F8--3abf1fbb9e68.json"
    },
    {
      "window_id": "SWIN-BB0B65C7DACFE2F48856",
      "task": "scene-scout/agent-files/tasks/SWIN-BB0B65C7DACFE2F48856--7e6c92a83e64.json",
      "answer": "scene-scout/agent-files/answers/SWIN-BB0B65C7DACFE2F48856--7e6c92a83e64.json"
    },
    {
      "window_id": "SWIN-BB103390D16A8A67EB32",
      "task": "scene-scout/agent-files/tasks/SWIN-BB103390D16A8A67EB32--2d2c7a22d876.json",
      "answer": "scene-scout/agent-files/answers/SWIN-BB103390D16A8A67EB32--2d2c7a22d876.json"
    },
    {
      "window_id": "SWIN-BB2D655CC630D56A2E47",
      "task": "scene-scout/agent-files/tasks/SWIN-BB2D655CC630D56A2E47--b0284a036757.json",
      "answer": "scene-scout/agent-files/answers/SWIN-BB2D655CC630D56A2E47--b0284a036757.json"
    },
    {
      "window_id": "SWIN-BB953B0B21F24135E2ED",
      "task": "scene-scout/agent-files/tasks/SWIN-BB953B0B21F24135E2ED--4218de029a4d.json",
      "answer": "scene-scout/agent-files/answers/SWIN-BB953B0B21F24135E2ED--4218de029a4d.json"
    },
    {
      "window_id": "SWIN-BBADDFED3F969212B366",
      "task": "scene-scout/agent-files/tasks/SWIN-BBADDFED3F969212B366--062f533061f4.json",
      "answer": "scene-scout/agent-files/answers/SWIN-BBADDFED3F969212B366--062f533061f4.json"
    },
    {
      "window_id": "SWIN-BBBA6A0F09CF11CB83B1",
      "task": "scene-scout/agent-files/tasks/SWIN-BBBA6A0F09CF11CB83B1--87ed47675d8e.json",
      "answer": "scene-scout/agent-files/answers/SWIN-BBBA6A0F09CF11CB83B1--87ed47675d8e.json"
    },
    {
      "window_id": "SWIN-BBD907A0BEB443908D4E",
      "task": "scene-scout/agent-files/tasks/SWIN-BBD907A0BEB443908D4E--9ddaaed9ad04.json",
      "answer": "scene-scout/agent-files/answers/SWIN-BBD907A0BEB443908D4E--9ddaaed9ad04.json"
    },
    {
      "window_id": "SWIN-BC342A3465422E7A6619",
      "task": "scene-scout/agent-files/tasks/SWIN-BC342A3465422E7A6619--6fb4bfbb3bd9.json",
      "answer": "scene-scout/agent-files/answers/SWIN-BC342A3465422E7A6619--6fb4bfbb3bd9.json"
    },
    {
      "window_id": "SWIN-BC585B5FC44140080936",
      "task": "scene-scout/agent-files/tasks/SWIN-BC585B5FC44140080936--230cc39ed932.json",
      "answer": "scene-scout/agent-files/answers/SWIN-BC585B5FC44140080936--230cc39ed932.json"
    },
    {
      "window_id": "SWIN-BC7D73799F54D6B456AD",
      "task": "scene-scout/agent-files/tasks/SWIN-BC7D73799F54D6B456AD--39eb1cd65652.json",
      "answer": "scene-scout/agent-files/answers/SWIN-BC7D73799F54D6B456AD--39eb1cd65652.json"
    },
    {
      "window_id": "SWIN-BCF26764A2A3438EED9F",
      "task": "scene-scout/agent-files/tasks/SWIN-BCF26764A2A3438EED9F--729f51528ba9.json",
      "answer": "scene-scout/agent-files/answers/SWIN-BCF26764A2A3438EED9F--729f51528ba9.json"
    },
    {
      "window_id": "SWIN-BD03C51995B49C9A90A5",
      "task": "scene-scout/agent-files/tasks/SWIN-BD03C51995B49C9A90A5--2aa0c141f696.json",
      "answer": "scene-scout/agent-files/answers/SWIN-BD03C51995B49C9A90A5--2aa0c141f696.json"
    },
    {
      "window_id": "SWIN-BD821F05AB4585CA0545",
      "task": "scene-scout/agent-files/tasks/SWIN-BD821F05AB4585CA0545--7ebc75825725.json",
      "answer": "scene-scout/agent-files/answers/SWIN-BD821F05AB4585CA0545--7ebc75825725.json"
    },
    {
      "window_id": "SWIN-BDE88A1EE024F7ACFA47",
      "task": "scene-scout/agent-files/tasks/SWIN-BDE88A1EE024F7ACFA47--03829975450f.json",
      "answer": "scene-scout/agent-files/answers/SWIN-BDE88A1EE024F7ACFA47--03829975450f.json"
    },
    {
      "window_id": "SWIN-BDF05D07F0978EFF3532",
      "task": "scene-scout/agent-files/tasks/SWIN-BDF05D07F0978EFF3532--c0e1bb2db2a8.json",
      "answer": "scene-scout/agent-files/answers/SWIN-BDF05D07F0978EFF3532--c0e1bb2db2a8.json"
    },
    {
      "window_id": "SWIN-BDF679E1AD521092DB57",
      "task": "scene-scout/agent-files/tasks/SWIN-BDF679E1AD521092DB57--6def77a1adf6.json",
      "answer": "scene-scout/agent-files/answers/SWIN-BDF679E1AD521092DB57--6def77a1adf6.json"
    },
    {
      "window_id": "SWIN-BE6869D154862FEDED3F",
      "task": "scene-scout/agent-files/tasks/SWIN-BE6869D154862FEDED3F--e254e280fe52.json",
      "answer": "scene-scout/agent-files/answers/SWIN-BE6869D154862FEDED3F--e254e280fe52.json"
    },
    {
      "window_id": "SWIN-BEACF60573B73D395E48",
      "task": "scene-scout/agent-files/tasks/SWIN-BEACF60573B73D395E48--7da48c8be989.json",
      "answer": "scene-scout/agent-files/answers/SWIN-BEACF60573B73D395E48--7da48c8be989.json"
    },
    {
      "window_id": "SWIN-C0087D206C1B4ACC2120",
      "task": "scene-scout/agent-files/tasks/SWIN-C0087D206C1B4ACC2120--1b9f95ac8638.json",
      "answer": "scene-scout/agent-files/answers/SWIN-C0087D206C1B4ACC2120--1b9f95ac8638.json"
    },
    {
      "window_id": "SWIN-C0AD04E0BB0F2FC04CDA",
      "task": "scene-scout/agent-files/tasks/SWIN-C0AD04E0BB0F2FC04CDA--a907c2c805e8.json",
      "answer": "scene-scout/agent-files/answers/SWIN-C0AD04E0BB0F2FC04CDA--a907c2c805e8.json"
    },
    {
      "window_id": "SWIN-C10B39AF07AEE1F93147",
      "task": "scene-scout/agent-files/tasks/SWIN-C10B39AF07AEE1F93147--18d2de04453a.json",
      "answer": "scene-scout/agent-files/answers/SWIN-C10B39AF07AEE1F93147--18d2de04453a.json"
    },
    {
      "window_id": "SWIN-C25BF213D584AF9F007F",
      "task": "scene-scout/agent-files/tasks/SWIN-C25BF213D584AF9F007F--65fba66455cf.json",
      "answer": "scene-scout/agent-files/answers/SWIN-C25BF213D584AF9F007F--65fba66455cf.json"
    },
    {
      "window_id": "SWIN-C2648596F31C76293800",
      "task": "scene-scout/agent-files/tasks/SWIN-C2648596F31C76293800--d7e778338918.json",
      "answer": "scene-scout/agent-files/answers/SWIN-C2648596F31C76293800--d7e778338918.json"
    },
    {
      "window_id": "SWIN-C2BB918E29BE82C78C67",
      "task": "scene-scout/agent-files/tasks/SWIN-C2BB918E29BE82C78C67--c5550ec84fa0.json",
      "answer": "scene-scout/agent-files/answers/SWIN-C2BB918E29BE82C78C67--c5550ec84fa0.json"
    },
    {
      "window_id": "SWIN-C2E4E5AA3E51906EA7FA",
      "task": "scene-scout/agent-files/tasks/SWIN-C2E4E5AA3E51906EA7FA--e80fc75797d0.json",
      "answer": "scene-scout/agent-files/answers/SWIN-C2E4E5AA3E51906EA7FA--e80fc75797d0.json"
    },
    {
      "window_id": "SWIN-C319D380E2E2544AF641",
      "task": "scene-scout/agent-files/tasks/SWIN-C319D380E2E2544AF641--f9727a2f6958.json",
      "answer": "scene-scout/agent-files/answers/SWIN-C319D380E2E2544AF641--f9727a2f6958.json"
    },
    {
      "window_id": "SWIN-C3229406E7FBBC5C2E49",
      "task": "scene-scout/agent-files/tasks/SWIN-C3229406E7FBBC5C2E49--fee9a0ccafc5.json",
      "answer": "scene-scout/agent-files/answers/SWIN-C3229406E7FBBC5C2E49--fee9a0ccafc5.json"
    },
    {
      "window_id": "SWIN-C333D0727213E82A5119",
      "task": "scene-scout/agent-files/tasks/SWIN-C333D0727213E82A5119--c0cfae4feb5d.json",
      "answer": "scene-scout/agent-files/answers/SWIN-C333D0727213E82A5119--c0cfae4feb5d.json"
    },
    {
      "window_id": "SWIN-C34776DE598D559B71D6",
      "task": "scene-scout/agent-files/tasks/SWIN-C34776DE598D559B71D6--7f8f27c37609.json",
      "answer": "scene-scout/agent-files/answers/SWIN-C34776DE598D559B71D6--7f8f27c37609.json"
    },
    {
      "window_id": "SWIN-C556AB65D4322157F639",
      "task": "scene-scout/agent-files/tasks/SWIN-C556AB65D4322157F639--87a31c7c088f.json",
      "answer": "scene-scout/agent-files/answers/SWIN-C556AB65D4322157F639--87a31c7c088f.json"
    },
    {
      "window_id": "SWIN-C58AE4255B99652131F9",
      "task": "scene-scout/agent-files/tasks/SWIN-C58AE4255B99652131F9--727287297329.json",
      "answer": "scene-scout/agent-files/answers/SWIN-C58AE4255B99652131F9--727287297329.json"
    },
    {
      "window_id": "SWIN-C5CE56B12A80080B128E",
      "task": "scene-scout/agent-files/tasks/SWIN-C5CE56B12A80080B128E--bcd6b5045fa4.json",
      "answer": "scene-scout/agent-files/answers/SWIN-C5CE56B12A80080B128E--bcd6b5045fa4.json"
    },
    {
      "window_id": "SWIN-C5CEA2024C2D2EDF004F",
      "task": "scene-scout/agent-files/tasks/SWIN-C5CEA2024C2D2EDF004F--ca3a2a887ffe.json",
      "answer": "scene-scout/agent-files/answers/SWIN-C5CEA2024C2D2EDF004F--ca3a2a887ffe.json"
    },
    {
      "window_id": "SWIN-C60111D0362CF473FD93",
      "task": "scene-scout/agent-files/tasks/SWIN-C60111D0362CF473FD93--e76e2018fb52.json",
      "answer": "scene-scout/agent-files/answers/SWIN-C60111D0362CF473FD93--e76e2018fb52.json"
    },
    {
      "window_id": "SWIN-C60F50EC12FA527E5AEA",
      "task": "scene-scout/agent-files/tasks/SWIN-C60F50EC12FA527E5AEA--a09d6db0e5e5.json",
      "answer": "scene-scout/agent-files/answers/SWIN-C60F50EC12FA527E5AEA--a09d6db0e5e5.json"
    },
    {
      "window_id": "SWIN-C625831DDF9BEE8A4F78",
      "task": "scene-scout/agent-files/tasks/SWIN-C625831DDF9BEE8A4F78--372264aa3a51.json",
      "answer": "scene-scout/agent-files/answers/SWIN-C625831DDF9BEE8A4F78--372264aa3a51.json"
    },
    {
      "window_id": "SWIN-C672CCCC5E3BEEEBBC8E",
      "task": "scene-scout/agent-files/tasks/SWIN-C672CCCC5E3BEEEBBC8E--d31152e9cbcd.json",
      "answer": "scene-scout/agent-files/answers/SWIN-C672CCCC5E3BEEEBBC8E--d31152e9cbcd.json"
    },
    {
      "window_id": "SWIN-C6F7A2FF35B22DCCC0A8",
      "task": "scene-scout/agent-files/tasks/SWIN-C6F7A2FF35B22DCCC0A8--0cfd91b2bf74.json",
      "answer": "scene-scout/agent-files/answers/SWIN-C6F7A2FF35B22DCCC0A8--0cfd91b2bf74.json"
    },
    {
      "window_id": "SWIN-C750D2918FD5E4CA6BA9",
      "task": "scene-scout/agent-files/tasks/SWIN-C750D2918FD5E4CA6BA9--e3f0fc554f22.json",
      "answer": "scene-scout/agent-files/answers/SWIN-C750D2918FD5E4CA6BA9--e3f0fc554f22.json"
    },
    {
      "window_id": "SWIN-C7582890D5AEF4056689",
      "task": "scene-scout/agent-files/tasks/SWIN-C7582890D5AEF4056689--fa9002db326b.json",
      "answer": "scene-scout/agent-files/answers/SWIN-C7582890D5AEF4056689--fa9002db326b.json"
    },
    {
      "window_id": "SWIN-C763E0EF847866CDE1E7",
      "task": "scene-scout/agent-files/tasks/SWIN-C763E0EF847866CDE1E7--57f3eee516af.json",
      "answer": "scene-scout/agent-files/answers/SWIN-C763E0EF847866CDE1E7--57f3eee516af.json"
    },
    {
      "window_id": "SWIN-C7D13907A600B7F1B260",
      "task": "scene-scout/agent-files/tasks/SWIN-C7D13907A600B7F1B260--66f141f7fd08.json",
      "answer": "scene-scout/agent-files/answers/SWIN-C7D13907A600B7F1B260--66f141f7fd08.json"
    },
    {
      "window_id": "SWIN-C7FF8134044BA015294E",
      "task": "scene-scout/agent-files/tasks/SWIN-C7FF8134044BA015294E--a701a3f49aab.json",
      "answer": "scene-scout/agent-files/answers/SWIN-C7FF8134044BA015294E--a701a3f49aab.json"
    },
    {
      "window_id": "SWIN-C80DDC6C4B966956AF28",
      "task": "scene-scout/agent-files/tasks/SWIN-C80DDC6C4B966956AF28--fc51d51f7aee.json",
      "answer": "scene-scout/agent-files/answers/SWIN-C80DDC6C4B966956AF28--fc51d51f7aee.json"
    },
    {
      "window_id": "SWIN-C823C3F613839B99D5DD",
      "task": "scene-scout/agent-files/tasks/SWIN-C823C3F613839B99D5DD--222bf1047916.json",
      "answer": "scene-scout/agent-files/answers/SWIN-C823C3F613839B99D5DD--222bf1047916.json"
    },
    {
      "window_id": "SWIN-C83B9A716FE4C17B2FF7",
      "task": "scene-scout/agent-files/tasks/SWIN-C83B9A716FE4C17B2FF7--856f13842048.json",
      "answer": "scene-scout/agent-files/answers/SWIN-C83B9A716FE4C17B2FF7--856f13842048.json"
    },
    {
      "window_id": "SWIN-C8BD627EC09531E6F72E",
      "task": "scene-scout/agent-files/tasks/SWIN-C8BD627EC09531E6F72E--efdfd8f91105.json",
      "answer": "scene-scout/agent-files/answers/SWIN-C8BD627EC09531E6F72E--efdfd8f91105.json"
    },
    {
      "window_id": "SWIN-CA2054213CCA3730CFBC",
      "task": "scene-scout/agent-files/tasks/SWIN-CA2054213CCA3730CFBC--ba0f26bd42f7.json",
      "answer": "scene-scout/agent-files/answers/SWIN-CA2054213CCA3730CFBC--ba0f26bd42f7.json"
    },
    {
      "window_id": "SWIN-CAC00276289DAEF5B28F",
      "task": "scene-scout/agent-files/tasks/SWIN-CAC00276289DAEF5B28F--3b2c6242814a.json",
      "answer": "scene-scout/agent-files/answers/SWIN-CAC00276289DAEF5B28F--3b2c6242814a.json"
    },
    {
      "window_id": "SWIN-CAE9D3FE65C7C21716EA",
      "task": "scene-scout/agent-files/tasks/SWIN-CAE9D3FE65C7C21716EA--a6ff64cb6aac.json",
      "answer": "scene-scout/agent-files/answers/SWIN-CAE9D3FE65C7C21716EA--a6ff64cb6aac.json"
    },
    {
      "window_id": "SWIN-CB0D786D54F9117EC40A",
      "task": "scene-scout/agent-files/tasks/SWIN-CB0D786D54F9117EC40A--8340b0bfe592.json",
      "answer": "scene-scout/agent-files/answers/SWIN-CB0D786D54F9117EC40A--8340b0bfe592.json"
    },
    {
      "window_id": "SWIN-CBB4942480E76B6E83B1",
      "task": "scene-scout/agent-files/tasks/SWIN-CBB4942480E76B6E83B1--e47650dc6572.json",
      "answer": "scene-scout/agent-files/answers/SWIN-CBB4942480E76B6E83B1--e47650dc6572.json"
    },
    {
      "window_id": "SWIN-CBDF9A12CD5082AC0E9C",
      "task": "scene-scout/agent-files/tasks/SWIN-CBDF9A12CD5082AC0E9C--0cb9f8fda6aa.json",
      "answer": "scene-scout/agent-files/answers/SWIN-CBDF9A12CD5082AC0E9C--0cb9f8fda6aa.json"
    },
    {
      "window_id": "SWIN-CC77D12FD9253C6B2E2E",
      "task": "scene-scout/agent-files/tasks/SWIN-CC77D12FD9253C6B2E2E--cd4b0e9280a5.json",
      "answer": "scene-scout/agent-files/answers/SWIN-CC77D12FD9253C6B2E2E--cd4b0e9280a5.json"
    },
    {
      "window_id": "SWIN-CC8847D812A3FC12525E",
      "task": "scene-scout/agent-files/tasks/SWIN-CC8847D812A3FC12525E--6ad5f6a4ad76.json",
      "answer": "scene-scout/agent-files/answers/SWIN-CC8847D812A3FC12525E--6ad5f6a4ad76.json"
    },
    {
      "window_id": "SWIN-CCA63F43CF289D75695F",
      "task": "scene-scout/agent-files/tasks/SWIN-CCA63F43CF289D75695F--0ac1d3c7e202.json",
      "answer": "scene-scout/agent-files/answers/SWIN-CCA63F43CF289D75695F--0ac1d3c7e202.json"
    },
    {
      "window_id": "SWIN-CCC495136F5060EF1F55",
      "task": "scene-scout/agent-files/tasks/SWIN-CCC495136F5060EF1F55--8a07b1c2ce02.json",
      "answer": "scene-scout/agent-files/answers/SWIN-CCC495136F5060EF1F55--8a07b1c2ce02.json"
    },
    {
      "window_id": "SWIN-CCEFA2EAF91659BED61F",
      "task": "scene-scout/agent-files/tasks/SWIN-CCEFA2EAF91659BED61F--3de760712a3c.json",
      "answer": "scene-scout/agent-files/answers/SWIN-CCEFA2EAF91659BED61F--3de760712a3c.json"
    },
    {
      "window_id": "SWIN-CD6B7661D66236796599",
      "task": "scene-scout/agent-files/tasks/SWIN-CD6B7661D66236796599--7dadb7a95e3b.json",
      "answer": "scene-scout/agent-files/answers/SWIN-CD6B7661D66236796599--7dadb7a95e3b.json"
    },
    {
      "window_id": "SWIN-CDB0B585FA39239EEB2C",
      "task": "scene-scout/agent-files/tasks/SWIN-CDB0B585FA39239EEB2C--cff8b46a50db.json",
      "answer": "scene-scout/agent-files/answers/SWIN-CDB0B585FA39239EEB2C--cff8b46a50db.json"
    },
    {
      "window_id": "SWIN-CDB27D2DF28CEFC7E61B",
      "task": "scene-scout/agent-files/tasks/SWIN-CDB27D2DF28CEFC7E61B--cca4bd10d8e6.json",
      "answer": "scene-scout/agent-files/answers/SWIN-CDB27D2DF28CEFC7E61B--cca4bd10d8e6.json"
    },
    {
      "window_id": "SWIN-CDBD7A90C5018B845150",
      "task": "scene-scout/agent-files/tasks/SWIN-CDBD7A90C5018B845150--62218ab87847.json",
      "answer": "scene-scout/agent-files/answers/SWIN-CDBD7A90C5018B845150--62218ab87847.json"
    },
    {
      "window_id": "SWIN-CE4DEDCB04F8DC547C1D",
      "task": "scene-scout/agent-files/tasks/SWIN-CE4DEDCB04F8DC547C1D--4aaafc3d1225.json",
      "answer": "scene-scout/agent-files/answers/SWIN-CE4DEDCB04F8DC547C1D--4aaafc3d1225.json"
    },
    {
      "window_id": "SWIN-CE646D2B549B4E32A41A",
      "task": "scene-scout/agent-files/tasks/SWIN-CE646D2B549B4E32A41A--c10ca4cfe3b9.json",
      "answer": "scene-scout/agent-files/answers/SWIN-CE646D2B549B4E32A41A--c10ca4cfe3b9.json"
    },
    {
      "window_id": "SWIN-CEB61C896AA358BDDECC",
      "task": "scene-scout/agent-files/tasks/SWIN-CEB61C896AA358BDDECC--6f0ecf6f8669.json",
      "answer": "scene-scout/agent-files/answers/SWIN-CEB61C896AA358BDDECC--6f0ecf6f8669.json"
    },
    {
      "window_id": "SWIN-CEF4402B17A308A1376F",
      "task": "scene-scout/agent-files/tasks/SWIN-CEF4402B17A308A1376F--816951764785.json",
      "answer": "scene-scout/agent-files/answers/SWIN-CEF4402B17A308A1376F--816951764785.json"
    },
    {
      "window_id": "SWIN-CF5C495D7CD46CCB33DD",
      "task": "scene-scout/agent-files/tasks/SWIN-CF5C495D7CD46CCB33DD--f7a6ab7fa63f.json",
      "answer": "scene-scout/agent-files/answers/SWIN-CF5C495D7CD46CCB33DD--f7a6ab7fa63f.json"
    },
    {
      "window_id": "SWIN-CF6C82BCC244490DC33F",
      "task": "scene-scout/agent-files/tasks/SWIN-CF6C82BCC244490DC33F--aeb2ecacb62c.json",
      "answer": "scene-scout/agent-files/answers/SWIN-CF6C82BCC244490DC33F--aeb2ecacb62c.json"
    },
    {
      "window_id": "SWIN-CFFBEED4F59E421DC7BF",
      "task": "scene-scout/agent-files/tasks/SWIN-CFFBEED4F59E421DC7BF--b8ae35339be1.json",
      "answer": "scene-scout/agent-files/answers/SWIN-CFFBEED4F59E421DC7BF--b8ae35339be1.json"
    },
    {
      "window_id": "SWIN-D00AEAD403855C411287",
      "task": "scene-scout/agent-files/tasks/SWIN-D00AEAD403855C411287--9b2dba25d242.json",
      "answer": "scene-scout/agent-files/answers/SWIN-D00AEAD403855C411287--9b2dba25d242.json"
    },
    {
      "window_id": "SWIN-D01EF6A6E69FC546349C",
      "task": "scene-scout/agent-files/tasks/SWIN-D01EF6A6E69FC546349C--65782ad34e04.json",
      "answer": "scene-scout/agent-files/answers/SWIN-D01EF6A6E69FC546349C--65782ad34e04.json"
    },
    {
      "window_id": "SWIN-D07960F94CA92D908CFF",
      "task": "scene-scout/agent-files/tasks/SWIN-D07960F94CA92D908CFF--a6bee6a019e0.json",
      "answer": "scene-scout/agent-files/answers/SWIN-D07960F94CA92D908CFF--a6bee6a019e0.json"
    },
    {
      "window_id": "SWIN-D0821EFE180264BF37E2",
      "task": "scene-scout/agent-files/tasks/SWIN-D0821EFE180264BF37E2--b10236dffbac.json",
      "answer": "scene-scout/agent-files/answers/SWIN-D0821EFE180264BF37E2--b10236dffbac.json"
    },
    {
      "window_id": "SWIN-D117CC5B9BEF10CA1F3A",
      "task": "scene-scout/agent-files/tasks/SWIN-D117CC5B9BEF10CA1F3A--8496a6da9b3e.json",
      "answer": "scene-scout/agent-files/answers/SWIN-D117CC5B9BEF10CA1F3A--8496a6da9b3e.json"
    },
    {
      "window_id": "SWIN-D126D67EBB5BC3207154",
      "task": "scene-scout/agent-files/tasks/SWIN-D126D67EBB5BC3207154--501f95e7fd8b.json",
      "answer": "scene-scout/agent-files/answers/SWIN-D126D67EBB5BC3207154--501f95e7fd8b.json"
    },
    {
      "window_id": "SWIN-D1F5466CC1172EE505C0",
      "task": "scene-scout/agent-files/tasks/SWIN-D1F5466CC1172EE505C0--de9dadba2a0f.json",
      "answer": "scene-scout/agent-files/answers/SWIN-D1F5466CC1172EE505C0--de9dadba2a0f.json"
    },
    {
      "window_id": "SWIN-D22C578C00B313901B69",
      "task": "scene-scout/agent-files/tasks/SWIN-D22C578C00B313901B69--c0bdf1784946.json",
      "answer": "scene-scout/agent-files/answers/SWIN-D22C578C00B313901B69--c0bdf1784946.json"
    },
    {
      "window_id": "SWIN-D23D690D255CCF226384",
      "task": "scene-scout/agent-files/tasks/SWIN-D23D690D255CCF226384--583c35bbdacc.json",
      "answer": "scene-scout/agent-files/answers/SWIN-D23D690D255CCF226384--583c35bbdacc.json"
    },
    {
      "window_id": "SWIN-D25274E16F3D54E99615",
      "task": "scene-scout/agent-files/tasks/SWIN-D25274E16F3D54E99615--a4e6d9ea91cb.json",
      "answer": "scene-scout/agent-files/answers/SWIN-D25274E16F3D54E99615--a4e6d9ea91cb.json"
    },
    {
      "window_id": "SWIN-D2A883CBD22F61FAD401",
      "task": "scene-scout/agent-files/tasks/SWIN-D2A883CBD22F61FAD401--924f02fde5a1.json",
      "answer": "scene-scout/agent-files/answers/SWIN-D2A883CBD22F61FAD401--924f02fde5a1.json"
    },
    {
      "window_id": "SWIN-D2D11E13FB8B0B626C4B",
      "task": "scene-scout/agent-files/tasks/SWIN-D2D11E13FB8B0B626C4B--f96d5cf463e6.json",
      "answer": "scene-scout/agent-files/answers/SWIN-D2D11E13FB8B0B626C4B--f96d5cf463e6.json"
    },
    {
      "window_id": "SWIN-D37911185C330C0C8631",
      "task": "scene-scout/agent-files/tasks/SWIN-D37911185C330C0C8631--d10bab274b3f.json",
      "answer": "scene-scout/agent-files/answers/SWIN-D37911185C330C0C8631--d10bab274b3f.json"
    },
    {
      "window_id": "SWIN-D39D6AFC9C06238B3F13",
      "task": "scene-scout/agent-files/tasks/SWIN-D39D6AFC9C06238B3F13--7c88f83f71bf.json",
      "answer": "scene-scout/agent-files/answers/SWIN-D39D6AFC9C06238B3F13--7c88f83f71bf.json"
    },
    {
      "window_id": "SWIN-D3BC6408F17B47DC70BD",
      "task": "scene-scout/agent-files/tasks/SWIN-D3BC6408F17B47DC70BD--8a76a262a911.json",
      "answer": "scene-scout/agent-files/answers/SWIN-D3BC6408F17B47DC70BD--8a76a262a911.json"
    },
    {
      "window_id": "SWIN-D4DAA128C701599EA17C",
      "task": "scene-scout/agent-files/tasks/SWIN-D4DAA128C701599EA17C--607ae2f1a77b.json",
      "answer": "scene-scout/agent-files/answers/SWIN-D4DAA128C701599EA17C--607ae2f1a77b.json"
    },
    {
      "window_id": "SWIN-D4F0EB070AD2066DA170",
      "task": "scene-scout/agent-files/tasks/SWIN-D4F0EB070AD2066DA170--2e9afbb79f75.json",
      "answer": "scene-scout/agent-files/answers/SWIN-D4F0EB070AD2066DA170--2e9afbb79f75.json"
    },
    {
      "window_id": "SWIN-D565837CD4BDA5B80FE8",
      "task": "scene-scout/agent-files/tasks/SWIN-D565837CD4BDA5B80FE8--742e16e13dee.json",
      "answer": "scene-scout/agent-files/answers/SWIN-D565837CD4BDA5B80FE8--742e16e13dee.json"
    },
    {
      "window_id": "SWIN-D5C51B6EC0EC3BCA5D3C",
      "task": "scene-scout/agent-files/tasks/SWIN-D5C51B6EC0EC3BCA5D3C--779047c0ee8c.json",
      "answer": "scene-scout/agent-files/answers/SWIN-D5C51B6EC0EC3BCA5D3C--779047c0ee8c.json"
    },
    {
      "window_id": "SWIN-D5E1655AA6EF3CBE9AF5",
      "task": "scene-scout/agent-files/tasks/SWIN-D5E1655AA6EF3CBE9AF5--651a41c12852.json",
      "answer": "scene-scout/agent-files/answers/SWIN-D5E1655AA6EF3CBE9AF5--651a41c12852.json"
    },
    {
      "window_id": "SWIN-D5F117868507839F457B",
      "task": "scene-scout/agent-files/tasks/SWIN-D5F117868507839F457B--3befa939fcd6.json",
      "answer": "scene-scout/agent-files/answers/SWIN-D5F117868507839F457B--3befa939fcd6.json"
    },
    {
      "window_id": "SWIN-D623BBBE071C1C97D153",
      "task": "scene-scout/agent-files/tasks/SWIN-D623BBBE071C1C97D153--14ff2673f679.json",
      "answer": "scene-scout/agent-files/answers/SWIN-D623BBBE071C1C97D153--14ff2673f679.json"
    },
    {
      "window_id": "SWIN-D639264C1C23C0CDF5D8",
      "task": "scene-scout/agent-files/tasks/SWIN-D639264C1C23C0CDF5D8--5c2e0fb26935.json",
      "answer": "scene-scout/agent-files/answers/SWIN-D639264C1C23C0CDF5D8--5c2e0fb26935.json"
    },
    {
      "window_id": "SWIN-D6C822776C45E1847496",
      "task": "scene-scout/agent-files/tasks/SWIN-D6C822776C45E1847496--ac4427218d50.json",
      "answer": "scene-scout/agent-files/answers/SWIN-D6C822776C45E1847496--ac4427218d50.json"
    },
    {
      "window_id": "SWIN-D749341131E8C357406C",
      "task": "scene-scout/agent-files/tasks/SWIN-D749341131E8C357406C--d36680ada74c.json",
      "answer": "scene-scout/agent-files/answers/SWIN-D749341131E8C357406C--d36680ada74c.json"
    },
    {
      "window_id": "SWIN-D9E23B013B0E86A7A883",
      "task": "scene-scout/agent-files/tasks/SWIN-D9E23B013B0E86A7A883--f30fc36677e6.json",
      "answer": "scene-scout/agent-files/answers/SWIN-D9E23B013B0E86A7A883--f30fc36677e6.json"
    },
    {
      "window_id": "SWIN-D9E8649B12433184B9F4",
      "task": "scene-scout/agent-files/tasks/SWIN-D9E8649B12433184B9F4--b514147c882c.json",
      "answer": "scene-scout/agent-files/answers/SWIN-D9E8649B12433184B9F4--b514147c882c.json"
    },
    {
      "window_id": "SWIN-D9FDA4278F19F60D46F6",
      "task": "scene-scout/agent-files/tasks/SWIN-D9FDA4278F19F60D46F6--153b5c204b65.json",
      "answer": "scene-scout/agent-files/answers/SWIN-D9FDA4278F19F60D46F6--153b5c204b65.json"
    },
    {
      "window_id": "SWIN-DA738CC1BCDFF7ABD508",
      "task": "scene-scout/agent-files/tasks/SWIN-DA738CC1BCDFF7ABD508--4ad71032e6c0.json",
      "answer": "scene-scout/agent-files/answers/SWIN-DA738CC1BCDFF7ABD508--4ad71032e6c0.json"
    },
    {
      "window_id": "SWIN-DA7A870D6C5ED190F56E",
      "task": "scene-scout/agent-files/tasks/SWIN-DA7A870D6C5ED190F56E--41042aab40b5.json",
      "answer": "scene-scout/agent-files/answers/SWIN-DA7A870D6C5ED190F56E--41042aab40b5.json"
    },
    {
      "window_id": "SWIN-DBA33C4D7828BBD7AF8E",
      "task": "scene-scout/agent-files/tasks/SWIN-DBA33C4D7828BBD7AF8E--3fa4c59f2dbd.json",
      "answer": "scene-scout/agent-files/answers/SWIN-DBA33C4D7828BBD7AF8E--3fa4c59f2dbd.json"
    },
    {
      "window_id": "SWIN-DBD9101DE8A495AA1D3F",
      "task": "scene-scout/agent-files/tasks/SWIN-DBD9101DE8A495AA1D3F--5e5904cafc46.json",
      "answer": "scene-scout/agent-files/answers/SWIN-DBD9101DE8A495AA1D3F--5e5904cafc46.json"
    },
    {
      "window_id": "SWIN-DCB85F2608E66041327F",
      "task": "scene-scout/agent-files/tasks/SWIN-DCB85F2608E66041327F--194c98c4adbb.json",
      "answer": "scene-scout/agent-files/answers/SWIN-DCB85F2608E66041327F--194c98c4adbb.json"
    },
    {
      "window_id": "SWIN-DD289CB4AF3EA82E0736",
      "task": "scene-scout/agent-files/tasks/SWIN-DD289CB4AF3EA82E0736--635137aead2d.json",
      "answer": "scene-scout/agent-files/answers/SWIN-DD289CB4AF3EA82E0736--635137aead2d.json"
    },
    {
      "window_id": "SWIN-DE5104939FFFE9F94205",
      "task": "scene-scout/agent-files/tasks/SWIN-DE5104939FFFE9F94205--685c070e0df9.json",
      "answer": "scene-scout/agent-files/answers/SWIN-DE5104939FFFE9F94205--685c070e0df9.json"
    },
    {
      "window_id": "SWIN-DEAE4F80A1AF8824ECE7",
      "task": "scene-scout/agent-files/tasks/SWIN-DEAE4F80A1AF8824ECE7--89dab555dc7a.json",
      "answer": "scene-scout/agent-files/answers/SWIN-DEAE4F80A1AF8824ECE7--89dab555dc7a.json"
    },
    {
      "window_id": "SWIN-DFA8ECC7A2A64737655F",
      "task": "scene-scout/agent-files/tasks/SWIN-DFA8ECC7A2A64737655F--2445116ddb0c.json",
      "answer": "scene-scout/agent-files/answers/SWIN-DFA8ECC7A2A64737655F--2445116ddb0c.json"
    },
    {
      "window_id": "SWIN-DFBA8F383F8567C623D9",
      "task": "scene-scout/agent-files/tasks/SWIN-DFBA8F383F8567C623D9--e36d4823bad4.json",
      "answer": "scene-scout/agent-files/answers/SWIN-DFBA8F383F8567C623D9--e36d4823bad4.json"
    },
    {
      "window_id": "SWIN-E01FEA9E109C923D6AC6",
      "task": "scene-scout/agent-files/tasks/SWIN-E01FEA9E109C923D6AC6--a8d7ee4fe49e.json",
      "answer": "scene-scout/agent-files/answers/SWIN-E01FEA9E109C923D6AC6--a8d7ee4fe49e.json"
    },
    {
      "window_id": "SWIN-E02209C1005E4FA1237E",
      "task": "scene-scout/agent-files/tasks/SWIN-E02209C1005E4FA1237E--3ed23b65e42f.json",
      "answer": "scene-scout/agent-files/answers/SWIN-E02209C1005E4FA1237E--3ed23b65e42f.json"
    },
    {
      "window_id": "SWIN-E03AC7933AF63D65946D",
      "task": "scene-scout/agent-files/tasks/SWIN-E03AC7933AF63D65946D--efc23a63f63e.json",
      "answer": "scene-scout/agent-files/answers/SWIN-E03AC7933AF63D65946D--efc23a63f63e.json"
    },
    {
      "window_id": "SWIN-E0A3DA7AEA46923FCA1B",
      "task": "scene-scout/agent-files/tasks/SWIN-E0A3DA7AEA46923FCA1B--431aa17f9b9e.json",
      "answer": "scene-scout/agent-files/answers/SWIN-E0A3DA7AEA46923FCA1B--431aa17f9b9e.json"
    },
    {
      "window_id": "SWIN-E0FA3D64BE39E7758816",
      "task": "scene-scout/agent-files/tasks/SWIN-E0FA3D64BE39E7758816--052dbf1e0c6e.json",
      "answer": "scene-scout/agent-files/answers/SWIN-E0FA3D64BE39E7758816--052dbf1e0c6e.json"
    },
    {
      "window_id": "SWIN-E21D19A44F5168C4E2F9",
      "task": "scene-scout/agent-files/tasks/SWIN-E21D19A44F5168C4E2F9--4d591cd18ee7.json",
      "answer": "scene-scout/agent-files/answers/SWIN-E21D19A44F5168C4E2F9--4d591cd18ee7.json"
    },
    {
      "window_id": "SWIN-E265FD85F368A9DE48DF",
      "task": "scene-scout/agent-files/tasks/SWIN-E265FD85F368A9DE48DF--c0e0fa32ab04.json",
      "answer": "scene-scout/agent-files/answers/SWIN-E265FD85F368A9DE48DF--c0e0fa32ab04.json"
    },
    {
      "window_id": "SWIN-E3A274465D113D1F812C",
      "task": "scene-scout/agent-files/tasks/SWIN-E3A274465D113D1F812C--e633fa1aae5d.json",
      "answer": "scene-scout/agent-files/answers/SWIN-E3A274465D113D1F812C--e633fa1aae5d.json"
    },
    {
      "window_id": "SWIN-E40AB348DCD275FCBF92",
      "task": "scene-scout/agent-files/tasks/SWIN-E40AB348DCD275FCBF92--ee2cfeccf0ae.json",
      "answer": "scene-scout/agent-files/answers/SWIN-E40AB348DCD275FCBF92--ee2cfeccf0ae.json"
    },
    {
      "window_id": "SWIN-E41752C3232E5817D7CA",
      "task": "scene-scout/agent-files/tasks/SWIN-E41752C3232E5817D7CA--1848938cec1d.json",
      "answer": "scene-scout/agent-files/answers/SWIN-E41752C3232E5817D7CA--1848938cec1d.json"
    },
    {
      "window_id": "SWIN-E45F1EED537177B9FBF8",
      "task": "scene-scout/agent-files/tasks/SWIN-E45F1EED537177B9FBF8--551ac682a9b6.json",
      "answer": "scene-scout/agent-files/answers/SWIN-E45F1EED537177B9FBF8--551ac682a9b6.json"
    },
    {
      "window_id": "SWIN-E590DC0822CD99505EC9",
      "task": "scene-scout/agent-files/tasks/SWIN-E590DC0822CD99505EC9--f4c65c04d973.json",
      "answer": "scene-scout/agent-files/answers/SWIN-E590DC0822CD99505EC9--f4c65c04d973.json"
    },
    {
      "window_id": "SWIN-E609FA28FFB34676E86A",
      "task": "scene-scout/agent-files/tasks/SWIN-E609FA28FFB34676E86A--890f122dfec8.json",
      "answer": "scene-scout/agent-files/answers/SWIN-E609FA28FFB34676E86A--890f122dfec8.json"
    },
    {
      "window_id": "SWIN-E6821853A9626A5ECF84",
      "task": "scene-scout/agent-files/tasks/SWIN-E6821853A9626A5ECF84--2b9b79ef698a.json",
      "answer": "scene-scout/agent-files/answers/SWIN-E6821853A9626A5ECF84--2b9b79ef698a.json"
    },
    {
      "window_id": "SWIN-E74D85428F4B51E1D261",
      "task": "scene-scout/agent-files/tasks/SWIN-E74D85428F4B51E1D261--7d7af36e95e4.json",
      "answer": "scene-scout/agent-files/answers/SWIN-E74D85428F4B51E1D261--7d7af36e95e4.json"
    },
    {
      "window_id": "SWIN-E7567079368E2E67C39C",
      "task": "scene-scout/agent-files/tasks/SWIN-E7567079368E2E67C39C--338b027342eb.json",
      "answer": "scene-scout/agent-files/answers/SWIN-E7567079368E2E67C39C--338b027342eb.json"
    },
    {
      "window_id": "SWIN-E7598748860A26543E77",
      "task": "scene-scout/agent-files/tasks/SWIN-E7598748860A26543E77--79ffff62aff5.json",
      "answer": "scene-scout/agent-files/answers/SWIN-E7598748860A26543E77--79ffff62aff5.json"
    },
    {
      "window_id": "SWIN-E791FC650B3CFFA42280",
      "task": "scene-scout/agent-files/tasks/SWIN-E791FC650B3CFFA42280--2a4b284d0a03.json",
      "answer": "scene-scout/agent-files/answers/SWIN-E791FC650B3CFFA42280--2a4b284d0a03.json"
    },
    {
      "window_id": "SWIN-E79B910E0A56D82D306D",
      "task": "scene-scout/agent-files/tasks/SWIN-E79B910E0A56D82D306D--abe96b4633c3.json",
      "answer": "scene-scout/agent-files/answers/SWIN-E79B910E0A56D82D306D--abe96b4633c3.json"
    },
    {
      "window_id": "SWIN-E7D5B62C73330E6E5FBB",
      "task": "scene-scout/agent-files/tasks/SWIN-E7D5B62C73330E6E5FBB--9bc019b5f409.json",
      "answer": "scene-scout/agent-files/answers/SWIN-E7D5B62C73330E6E5FBB--9bc019b5f409.json"
    },
    {
      "window_id": "SWIN-E7E91BEF6CFC5C730FEA",
      "task": "scene-scout/agent-files/tasks/SWIN-E7E91BEF6CFC5C730FEA--f3b51a2d140c.json",
      "answer": "scene-scout/agent-files/answers/SWIN-E7E91BEF6CFC5C730FEA--f3b51a2d140c.json"
    },
    {
      "window_id": "SWIN-E7EA1558E13100506E41",
      "task": "scene-scout/agent-files/tasks/SWIN-E7EA1558E13100506E41--56be5ced9cc6.json",
      "answer": "scene-scout/agent-files/answers/SWIN-E7EA1558E13100506E41--56be5ced9cc6.json"
    },
    {
      "window_id": "SWIN-E848AE86C83677BBBD36",
      "task": "scene-scout/agent-files/tasks/SWIN-E848AE86C83677BBBD36--3d8b991f8808.json",
      "answer": "scene-scout/agent-files/answers/SWIN-E848AE86C83677BBBD36--3d8b991f8808.json"
    },
    {
      "window_id": "SWIN-E997663A7D583FC9D91F",
      "task": "scene-scout/agent-files/tasks/SWIN-E997663A7D583FC9D91F--b96e0c10a758.json",
      "answer": "scene-scout/agent-files/answers/SWIN-E997663A7D583FC9D91F--b96e0c10a758.json"
    },
    {
      "window_id": "SWIN-E9BEB77784038C61B725",
      "task": "scene-scout/agent-files/tasks/SWIN-E9BEB77784038C61B725--b59319533431.json",
      "answer": "scene-scout/agent-files/answers/SWIN-E9BEB77784038C61B725--b59319533431.json"
    },
    {
      "window_id": "SWIN-EA884EA8BE0911A443D3",
      "task": "scene-scout/agent-files/tasks/SWIN-EA884EA8BE0911A443D3--66d06596a90a.json",
      "answer": "scene-scout/agent-files/answers/SWIN-EA884EA8BE0911A443D3--66d06596a90a.json"
    },
    {
      "window_id": "SWIN-EB07E49130BE9FCD6A74",
      "task": "scene-scout/agent-files/tasks/SWIN-EB07E49130BE9FCD6A74--0e11a14e89fe.json",
      "answer": "scene-scout/agent-files/answers/SWIN-EB07E49130BE9FCD6A74--0e11a14e89fe.json"
    },
    {
      "window_id": "SWIN-EB41CF10C02B7405F15F",
      "task": "scene-scout/agent-files/tasks/SWIN-EB41CF10C02B7405F15F--e11a4356ed05.json",
      "answer": "scene-scout/agent-files/answers/SWIN-EB41CF10C02B7405F15F--e11a4356ed05.json"
    },
    {
      "window_id": "SWIN-EBDE7F8278F4DD684D6A",
      "task": "scene-scout/agent-files/tasks/SWIN-EBDE7F8278F4DD684D6A--c363c4925c28.json",
      "answer": "scene-scout/agent-files/answers/SWIN-EBDE7F8278F4DD684D6A--c363c4925c28.json"
    },
    {
      "window_id": "SWIN-EBF426839179FD50021D",
      "task": "scene-scout/agent-files/tasks/SWIN-EBF426839179FD50021D--d711b4cc6095.json",
      "answer": "scene-scout/agent-files/answers/SWIN-EBF426839179FD50021D--d711b4cc6095.json"
    },
    {
      "window_id": "SWIN-EBFCC7378D081A2A801C",
      "task": "scene-scout/agent-files/tasks/SWIN-EBFCC7378D081A2A801C--cec84c568c04.json",
      "answer": "scene-scout/agent-files/answers/SWIN-EBFCC7378D081A2A801C--cec84c568c04.json"
    },
    {
      "window_id": "SWIN-EC7822529DA65904C27D",
      "task": "scene-scout/agent-files/tasks/SWIN-EC7822529DA65904C27D--38c2e6433dd0.json",
      "answer": "scene-scout/agent-files/answers/SWIN-EC7822529DA65904C27D--38c2e6433dd0.json"
    },
    {
      "window_id": "SWIN-ED690E0B1B725E30F918",
      "task": "scene-scout/agent-files/tasks/SWIN-ED690E0B1B725E30F918--e65bda117f36.json",
      "answer": "scene-scout/agent-files/answers/SWIN-ED690E0B1B725E30F918--e65bda117f36.json"
    },
    {
      "window_id": "SWIN-ED79F1BC41093F1F4C5F",
      "task": "scene-scout/agent-files/tasks/SWIN-ED79F1BC41093F1F4C5F--a4f2a2a18656.json",
      "answer": "scene-scout/agent-files/answers/SWIN-ED79F1BC41093F1F4C5F--a4f2a2a18656.json"
    },
    {
      "window_id": "SWIN-EE78F919E4063BC26DDC",
      "task": "scene-scout/agent-files/tasks/SWIN-EE78F919E4063BC26DDC--c1a69bfde056.json",
      "answer": "scene-scout/agent-files/answers/SWIN-EE78F919E4063BC26DDC--c1a69bfde056.json"
    },
    {
      "window_id": "SWIN-EEFC842B0A4982A75E30",
      "task": "scene-scout/agent-files/tasks/SWIN-EEFC842B0A4982A75E30--3f69856eaec6.json",
      "answer": "scene-scout/agent-files/answers/SWIN-EEFC842B0A4982A75E30--3f69856eaec6.json"
    },
    {
      "window_id": "SWIN-EF6798A09A44B92D26CA",
      "task": "scene-scout/agent-files/tasks/SWIN-EF6798A09A44B92D26CA--2e179765560c.json",
      "answer": "scene-scout/agent-files/answers/SWIN-EF6798A09A44B92D26CA--2e179765560c.json"
    },
    {
      "window_id": "SWIN-EFA5477F5C2BA5D2A866",
      "task": "scene-scout/agent-files/tasks/SWIN-EFA5477F5C2BA5D2A866--d1b1b30be976.json",
      "answer": "scene-scout/agent-files/answers/SWIN-EFA5477F5C2BA5D2A866--d1b1b30be976.json"
    },
    {
      "window_id": "SWIN-EFFEC807E1AFC13CC3B6",
      "task": "scene-scout/agent-files/tasks/SWIN-EFFEC807E1AFC13CC3B6--11f10058e447.json",
      "answer": "scene-scout/agent-files/answers/SWIN-EFFEC807E1AFC13CC3B6--11f10058e447.json"
    },
    {
      "window_id": "SWIN-F147DFE2FB397D626927",
      "task": "scene-scout/agent-files/tasks/SWIN-F147DFE2FB397D626927--aac3ecf535e8.json",
      "answer": "scene-scout/agent-files/answers/SWIN-F147DFE2FB397D626927--aac3ecf535e8.json"
    },
    {
      "window_id": "SWIN-F18591644B2902906B71",
      "task": "scene-scout/agent-files/tasks/SWIN-F18591644B2902906B71--4ed63beba498.json",
      "answer": "scene-scout/agent-files/answers/SWIN-F18591644B2902906B71--4ed63beba498.json"
    },
    {
      "window_id": "SWIN-F1B7E5D284053E9793BE",
      "task": "scene-scout/agent-files/tasks/SWIN-F1B7E5D284053E9793BE--1183c54aff2c.json",
      "answer": "scene-scout/agent-files/answers/SWIN-F1B7E5D284053E9793BE--1183c54aff2c.json"
    },
    {
      "window_id": "SWIN-F1DEAE4E28581BA8DA4D",
      "task": "scene-scout/agent-files/tasks/SWIN-F1DEAE4E28581BA8DA4D--2289ca6c9e0c.json",
      "answer": "scene-scout/agent-files/answers/SWIN-F1DEAE4E28581BA8DA4D--2289ca6c9e0c.json"
    },
    {
      "window_id": "SWIN-F1DFE01BE6A49D9F7C7E",
      "task": "scene-scout/agent-files/tasks/SWIN-F1DFE01BE6A49D9F7C7E--689d768c4ac2.json",
      "answer": "scene-scout/agent-files/answers/SWIN-F1DFE01BE6A49D9F7C7E--689d768c4ac2.json"
    },
    {
      "window_id": "SWIN-F224E3534A379CF08DC7",
      "task": "scene-scout/agent-files/tasks/SWIN-F224E3534A379CF08DC7--cbfb8a63896f.json",
      "answer": "scene-scout/agent-files/answers/SWIN-F224E3534A379CF08DC7--cbfb8a63896f.json"
    },
    {
      "window_id": "SWIN-F259CE7A9C4C1C44AB80",
      "task": "scene-scout/agent-files/tasks/SWIN-F259CE7A9C4C1C44AB80--165fb6867fca.json",
      "answer": "scene-scout/agent-files/answers/SWIN-F259CE7A9C4C1C44AB80--165fb6867fca.json"
    },
    {
      "window_id": "SWIN-F29660E578FEAF8E8981",
      "task": "scene-scout/agent-files/tasks/SWIN-F29660E578FEAF8E8981--3fc6b4dbb51e.json",
      "answer": "scene-scout/agent-files/answers/SWIN-F29660E578FEAF8E8981--3fc6b4dbb51e.json"
    },
    {
      "window_id": "SWIN-F2B282015652ACC63DA9",
      "task": "scene-scout/agent-files/tasks/SWIN-F2B282015652ACC63DA9--da3f162308d6.json",
      "answer": "scene-scout/agent-files/answers/SWIN-F2B282015652ACC63DA9--da3f162308d6.json"
    },
    {
      "window_id": "SWIN-F2E5C415FB54CF7F527F",
      "task": "scene-scout/agent-files/tasks/SWIN-F2E5C415FB54CF7F527F--47568973a181.json",
      "answer": "scene-scout/agent-files/answers/SWIN-F2E5C415FB54CF7F527F--47568973a181.json"
    },
    {
      "window_id": "SWIN-F34C4078CA509908D851",
      "task": "scene-scout/agent-files/tasks/SWIN-F34C4078CA509908D851--7c95c2d2d1c3.json",
      "answer": "scene-scout/agent-files/answers/SWIN-F34C4078CA509908D851--7c95c2d2d1c3.json"
    },
    {
      "window_id": "SWIN-F3BD6AA52062DF8F72E5",
      "task": "scene-scout/agent-files/tasks/SWIN-F3BD6AA52062DF8F72E5--e8324301fdc1.json",
      "answer": "scene-scout/agent-files/answers/SWIN-F3BD6AA52062DF8F72E5--e8324301fdc1.json"
    },
    {
      "window_id": "SWIN-F43069A41C29B9DAE2A6",
      "task": "scene-scout/agent-files/tasks/SWIN-F43069A41C29B9DAE2A6--845e441a5158.json",
      "answer": "scene-scout/agent-files/answers/SWIN-F43069A41C29B9DAE2A6--845e441a5158.json"
    },
    {
      "window_id": "SWIN-F46C76B5059DD25B2DE1",
      "task": "scene-scout/agent-files/tasks/SWIN-F46C76B5059DD25B2DE1--750008a59fe4.json",
      "answer": "scene-scout/agent-files/answers/SWIN-F46C76B5059DD25B2DE1--750008a59fe4.json"
    },
    {
      "window_id": "SWIN-F494A587DFDE798E9763",
      "task": "scene-scout/agent-files/tasks/SWIN-F494A587DFDE798E9763--7613a6bdc4f8.json",
      "answer": "scene-scout/agent-files/answers/SWIN-F494A587DFDE798E9763--7613a6bdc4f8.json"
    },
    {
      "window_id": "SWIN-F5F094AA07B84CEC1288",
      "task": "scene-scout/agent-files/tasks/SWIN-F5F094AA07B84CEC1288--6525d3d6be8e.json",
      "answer": "scene-scout/agent-files/answers/SWIN-F5F094AA07B84CEC1288--6525d3d6be8e.json"
    },
    {
      "window_id": "SWIN-F658EEEF2B54E66A5129",
      "task": "scene-scout/agent-files/tasks/SWIN-F658EEEF2B54E66A5129--478c17956358.json",
      "answer": "scene-scout/agent-files/answers/SWIN-F658EEEF2B54E66A5129--478c17956358.json"
    },
    {
      "window_id": "SWIN-F66EB9B606246EA131AA",
      "task": "scene-scout/agent-files/tasks/SWIN-F66EB9B606246EA131AA--ed718937e1a6.json",
      "answer": "scene-scout/agent-files/answers/SWIN-F66EB9B606246EA131AA--ed718937e1a6.json"
    },
    {
      "window_id": "SWIN-F673BE6B613F50319ED2",
      "task": "scene-scout/agent-files/tasks/SWIN-F673BE6B613F50319ED2--9b0ae80c518c.json",
      "answer": "scene-scout/agent-files/answers/SWIN-F673BE6B613F50319ED2--9b0ae80c518c.json"
    },
    {
      "window_id": "SWIN-F6F6F85C01D253E818D6",
      "task": "scene-scout/agent-files/tasks/SWIN-F6F6F85C01D253E818D6--6792545c9c4a.json",
      "answer": "scene-scout/agent-files/answers/SWIN-F6F6F85C01D253E818D6--6792545c9c4a.json"
    },
    {
      "window_id": "SWIN-F72D58ED72A32036890B",
      "task": "scene-scout/agent-files/tasks/SWIN-F72D58ED72A32036890B--1cc5614597fc.json",
      "answer": "scene-scout/agent-files/answers/SWIN-F72D58ED72A32036890B--1cc5614597fc.json"
    },
    {
      "window_id": "SWIN-F74D71ECE61F65BA75A7",
      "task": "scene-scout/agent-files/tasks/SWIN-F74D71ECE61F65BA75A7--93da402a0b05.json",
      "answer": "scene-scout/agent-files/answers/SWIN-F74D71ECE61F65BA75A7--93da402a0b05.json"
    },
    {
      "window_id": "SWIN-F781DDA8312F6D71FE09",
      "task": "scene-scout/agent-files/tasks/SWIN-F781DDA8312F6D71FE09--67015ac4a96c.json",
      "answer": "scene-scout/agent-files/answers/SWIN-F781DDA8312F6D71FE09--67015ac4a96c.json"
    },
    {
      "window_id": "SWIN-F82A1D957CA1DA89275E",
      "task": "scene-scout/agent-files/tasks/SWIN-F82A1D957CA1DA89275E--d40d1e98ba1f.json",
      "answer": "scene-scout/agent-files/answers/SWIN-F82A1D957CA1DA89275E--d40d1e98ba1f.json"
    },
    {
      "window_id": "SWIN-F859A3561B9DAE87D421",
      "task": "scene-scout/agent-files/tasks/SWIN-F859A3561B9DAE87D421--353df40d2374.json",
      "answer": "scene-scout/agent-files/answers/SWIN-F859A3561B9DAE87D421--353df40d2374.json"
    },
    {
      "window_id": "SWIN-F892CCDDF8E5FE33DC56",
      "task": "scene-scout/agent-files/tasks/SWIN-F892CCDDF8E5FE33DC56--f1e514771984.json",
      "answer": "scene-scout/agent-files/answers/SWIN-F892CCDDF8E5FE33DC56--f1e514771984.json"
    },
    {
      "window_id": "SWIN-F8EAF2CD4833C07D087E",
      "task": "scene-scout/agent-files/tasks/SWIN-F8EAF2CD4833C07D087E--c94ce5d9b274.json",
      "answer": "scene-scout/agent-files/answers/SWIN-F8EAF2CD4833C07D087E--c94ce5d9b274.json"
    },
    {
      "window_id": "SWIN-F9D190A21F93273A17A8",
      "task": "scene-scout/agent-files/tasks/SWIN-F9D190A21F93273A17A8--8111c10e2876.json",
      "answer": "scene-scout/agent-files/answers/SWIN-F9D190A21F93273A17A8--8111c10e2876.json"
    },
    {
      "window_id": "SWIN-FA080B5ED8B93275F691",
      "task": "scene-scout/agent-files/tasks/SWIN-FA080B5ED8B93275F691--f36e04a1e286.json",
      "answer": "scene-scout/agent-files/answers/SWIN-FA080B5ED8B93275F691--f36e04a1e286.json"
    },
    {
      "window_id": "SWIN-FA23C42159E601853F8D",
      "task": "scene-scout/agent-files/tasks/SWIN-FA23C42159E601853F8D--f8c7cb3e143c.json",
      "answer": "scene-scout/agent-files/answers/SWIN-FA23C42159E601853F8D--f8c7cb3e143c.json"
    },
    {
      "window_id": "SWIN-FA497BAB8B8DA7C4031B",
      "task": "scene-scout/agent-files/tasks/SWIN-FA497BAB8B8DA7C4031B--ad39f12b72c9.json",
      "answer": "scene-scout/agent-files/answers/SWIN-FA497BAB8B8DA7C4031B--ad39f12b72c9.json"
    },
    {
      "window_id": "SWIN-FA50F24802086C89FAB4",
      "task": "scene-scout/agent-files/tasks/SWIN-FA50F24802086C89FAB4--e0308ec5811a.json",
      "answer": "scene-scout/agent-files/answers/SWIN-FA50F24802086C89FAB4--e0308ec5811a.json"
    },
    {
      "window_id": "SWIN-FA6F2BDA4721A360F3C6",
      "task": "scene-scout/agent-files/tasks/SWIN-FA6F2BDA4721A360F3C6--268a60f130e8.json",
      "answer": "scene-scout/agent-files/answers/SWIN-FA6F2BDA4721A360F3C6--268a60f130e8.json"
    },
    {
      "window_id": "SWIN-FAB9203C33FF0EE2C4C2",
      "task": "scene-scout/agent-files/tasks/SWIN-FAB9203C33FF0EE2C4C2--cbcb59b556a9.json",
      "answer": "scene-scout/agent-files/answers/SWIN-FAB9203C33FF0EE2C4C2--cbcb59b556a9.json"
    },
    {
      "window_id": "SWIN-FB11F8CE05A8D3EE6B3A",
      "task": "scene-scout/agent-files/tasks/SWIN-FB11F8CE05A8D3EE6B3A--20bdc6e5a5d5.json",
      "answer": "scene-scout/agent-files/answers/SWIN-FB11F8CE05A8D3EE6B3A--20bdc6e5a5d5.json"
    },
    {
      "window_id": "SWIN-FB4E06D7B4F53DA4E429",
      "task": "scene-scout/agent-files/tasks/SWIN-FB4E06D7B4F53DA4E429--ef7094edd4da.json",
      "answer": "scene-scout/agent-files/answers/SWIN-FB4E06D7B4F53DA4E429--ef7094edd4da.json"
    },
    {
      "window_id": "SWIN-FB79E026309C1C6B5209",
      "task": "scene-scout/agent-files/tasks/SWIN-FB79E026309C1C6B5209--fb7da26375d9.json",
      "answer": "scene-scout/agent-files/answers/SWIN-FB79E026309C1C6B5209--fb7da26375d9.json"
    },
    {
      "window_id": "SWIN-FCCBD923714E10F4876C",
      "task": "scene-scout/agent-files/tasks/SWIN-FCCBD923714E10F4876C--195aad864ea2.json",
      "answer": "scene-scout/agent-files/answers/SWIN-FCCBD923714E10F4876C--195aad864ea2.json"
    },
    {
      "window_id": "SWIN-FCDCBF24D4860690DE65",
      "task": "scene-scout/agent-files/tasks/SWIN-FCDCBF24D4860690DE65--eefbe942eedf.json",
      "answer": "scene-scout/agent-files/answers/SWIN-FCDCBF24D4860690DE65--eefbe942eedf.json"
    },
    {
      "window_id": "SWIN-FCE0D8760B99FD6C400F",
      "task": "scene-scout/agent-files/tasks/SWIN-FCE0D8760B99FD6C400F--bc49c7903dfa.json",
      "answer": "scene-scout/agent-files/answers/SWIN-FCE0D8760B99FD6C400F--bc49c7903dfa.json"
    },
    {
      "window_id": "SWIN-FD41B7ACD62986F06E2D",
      "task": "scene-scout/agent-files/tasks/SWIN-FD41B7ACD62986F06E2D--117187cabbba.json",
      "answer": "scene-scout/agent-files/answers/SWIN-FD41B7ACD62986F06E2D--117187cabbba.json"
    },
    {
      "window_id": "SWIN-FDD589D607A4B8785C7E",
      "task": "scene-scout/agent-files/tasks/SWIN-FDD589D607A4B8785C7E--217d6aeef09f.json",
      "answer": "scene-scout/agent-files/answers/SWIN-FDD589D607A4B8785C7E--217d6aeef09f.json"
    },
    {
      "window_id": "SWIN-FE4BF03AF7F541C88503",
      "task": "scene-scout/agent-files/tasks/SWIN-FE4BF03AF7F541C88503--a9a41f49111a.json",
      "answer": "scene-scout/agent-files/answers/SWIN-FE4BF03AF7F541C88503--a9a41f49111a.json"
    },
    {
      "window_id": "SWIN-FEEA494DE33AF55A36E8",
      "task": "scene-scout/agent-files/tasks/SWIN-FEEA494DE33AF55A36E8--f24efcfb1553.json",
      "answer": "scene-scout/agent-files/answers/SWIN-FEEA494DE33AF55A36E8--f24efcfb1553.json"
    },
    {
      "window_id": "SWIN-FEFAC878BF2EDA255F01",
      "task": "scene-scout/agent-files/tasks/SWIN-FEFAC878BF2EDA255F01--76c5c468080c.json",
      "answer": "scene-scout/agent-files/answers/SWIN-FEFAC878BF2EDA255F01--76c5c468080c.json"
    },
    {
      "window_id": "SWIN-FF51B338C22C203B82FE",
      "task": "scene-scout/agent-files/tasks/SWIN-FF51B338C22C203B82FE--8c2c0d65009e.json",
      "answer": "scene-scout/agent-files/answers/SWIN-FF51B338C22C203B82FE--8c2c0d65009e.json"
    },
    {
      "window_id": "SWIN-FFBB29642130AFE8CA53",
      "task": "scene-scout/agent-files/tasks/SWIN-FFBB29642130AFE8CA53--089a648b5425.json",
      "answer": "scene-scout/agent-files/answers/SWIN-FFBB29642130AFE8CA53--089a648b5425.json"
    },
    {
      "window_id": "SWIN-FFCA1D241BF6B8BCE642",
      "task": "scene-scout/agent-files/tasks/SWIN-FFCA1D241BF6B8BCE642--9b1fae03316a.json",
      "answer": "scene-scout/agent-files/answers/SWIN-FFCA1D241BF6B8BCE642--9b1fae03316a.json"
    },
    {
      "window_id": "SWIN-FFCC8A332CB3EE49E7D8",
      "task": "scene-scout/agent-files/tasks/SWIN-FFCC8A332CB3EE49E7D8--ac101f4688f3.json",
      "answer": "scene-scout/agent-files/answers/SWIN-FFCC8A332CB3EE49E7D8--ac101f4688f3.json"
    },
    {
      "window_id": "SWIN-FFF20C7868BBECABB916",
      "task": "scene-scout/agent-files/tasks/SWIN-FFF20C7868BBECABB916--a5c59ea8f503.json",
      "answer": "scene-scout/agent-files/answers/SWIN-FFF20C7868BBECABB916--a5c59ea8f503.json"
    }
  ]
}
